name,url_or_access_note,license,access_date,resource_type,acquisition_method,integration_mode,supported_claim,internals_modified
A Computing Procedure for Quantification Theory,https://doi.org/10.1145/321033.321034,Not determined; publication not redistributed,2026-09-16,scholarly publication,metadata_and_claim_relevance_inspected; bibliographic record rechecked,citation and literature comparison only; publication not redistributed,foundations_and_solver_architecture,no
A Machine Program for Theorem-Proving,https://doi.org/10.1145/368273.368557,Not determined; publication not redistributed,2026-09-16,scholarly publication,metadata_and_claim_relevance_inspected; bibliographic record rechecked,citation and literature comparison only; publication not redistributed,foundations_and_solver_architecture,no
GRASP: A Search Algorithm for Propositional Satisfiability,https://doi.org/10.1109/12.769433,Not determined; publication not redistributed,2026-09-16,scholarly publication,metadata_and_claim_relevance_inspected; bibliographic record rechecked,citation and literature comparison only; publication not redistributed,foundations_and_solver_architecture,no
Chaff: Engineering an Efficient SAT Solver,https://doi.org/10.1145/378239.379017,Not determined; publication not redistributed,2026-09-16,scholarly publication,metadata_and_claim_relevance_inspected; bibliographic record rechecked,citation and literature comparison only; publication not redistributed,foundations_and_solver_architecture,no
An Extensible SAT-Solver,https://doi.org/10.1007/978-3-540-24605-3_37,Not determined; publication not redistributed,2026-09-16,scholarly publication,metadata_and_claim_relevance_inspected; bibliographic record rechecked,citation and literature comparison only; publication not redistributed,foundations_and_solver_architecture,no
Proof Complexity and SAT Solving,https://doi.org/10.3233/FAIA200990,Not determined; publication not redistributed,2026-09-16,scholarly publication,metadata_and_claim_relevance_inspected; bibliographic record rechecked,citation and literature comparison only; publication not redistributed,foundations_and_solver_architecture,no
Validating SAT Solvers Using an Independent Resolution-Based Checker: Practical Implementations and Other Applications,https://doi.org/10.1109/DATE.2003.1253717,Not determined; publication not redistributed,2026-09-16,scholarly publication,substantive_or_targeted_text_inspection_recorded; bibliographic record rechecked,citation and literature comparison only; publication not redistributed,proof_logging_and_checked_reasoning,no
Verification of Proofs of Unsatisfiability for CNF Formulas,https://doi.org/10.1109/DATE.2003.1253718,Not determined; publication not redistributed,2026-09-16,scholarly publication,substantive_or_targeted_text_inspection_recorded; bibliographic record rechecked,citation and literature comparison only; publication not redistributed,proof_logging_and_checked_reasoning,no
Verifying RUP Proofs of Propositional Unsatisfiability,https://users.soe.ucsc.edu/~avg/Papers/proofs-isaim08.pdf,Not determined; publication not redistributed,2026-09-16,scholarly publication,metadata_and_claim_relevance_inspected; bibliographic record rechecked,citation and literature comparison only; publication not redistributed,proof_logging_and_checked_reasoning,no
Trimming while Checking Clausal Proofs,https://doi.org/10.1109/FMCAD.2013.6679408,Not determined; publication not redistributed,2026-09-16,scholarly publication,metadata_and_claim_relevance_inspected; bibliographic record rechecked,citation and literature comparison only; publication not redistributed,proof_logging_and_checked_reasoning,no
Verifying Refutations with Extended Resolution,https://doi.org/10.1007/978-3-642-38574-2_24,Not determined; publication not redistributed,2026-09-16,scholarly publication,metadata_and_claim_relevance_inspected; bibliographic record rechecked,citation and literature comparison only; publication not redistributed,proof_logging_and_checked_reasoning,no
DRAT-trim: Efficient Checking and Trimming Using Expressive Clausal Proofs,https://doi.org/10.1007/978-3-319-09284-3_31,Not determined; publication not redistributed,2026-09-16,scholarly publication,metadata_and_claim_relevance_inspected; bibliographic record rechecked,citation and literature comparison only; publication not redistributed,proof_logging_and_checked_reasoning,no
Efficient Certified Resolution Proof Checking,https://doi.org/10.1007/978-3-662-54577-5_7,Not determined; publication not redistributed,2026-09-16,scholarly publication,metadata_and_claim_relevance_inspected; bibliographic record rechecked,citation and literature comparison only; publication not redistributed,proof_logging_and_checked_reasoning,no
Efficient Certified RAT Verification,https://doi.org/10.1007/978-3-319-63046-5_14,Not determined; publication not redistributed,2026-09-16,scholarly publication,metadata_and_claim_relevance_inspected; bibliographic record rechecked,citation and literature comparison only; publication not redistributed,proof_logging_and_checked_reasoning,no
A Flexible Proof Format for SAT Solver-Elaborator Communication,https://doi.org/10.1007/978-3-030-72016-2_4,Not determined; publication not redistributed,2026-09-16,scholarly publication,metadata_and_claim_relevance_inspected; bibliographic record rechecked,citation and literature comparison only; publication not redistributed,proof_logging_and_checked_reasoning,no
The DRAT Format and DRAT-trim Checker,https://doi.org/10.48550/arXiv.1610.06229,Not determined; publication not redistributed,2026-09-16,scholarly publication,metadata_and_claim_relevance_inspected; bibliographic record rechecked,citation and literature comparison only; publication not redistributed,proof_logging_and_checked_reasoning,no
Proofs of Unsatisfiability,https://doi.org/10.3233/FAIA200998,Not determined; publication not redistributed,2026-09-16,scholarly publication,metadata_and_claim_relevance_inspected; bibliographic record rechecked,citation and literature comparison only; publication not redistributed,proof_logging_and_checked_reasoning,no
Faster LRAT Checking than Solving with CaDiCaL,https://doi.org/10.4230/LIPIcs.SAT.2023.21,Not determined; publication not redistributed,2026-09-16,scholarly publication,metadata_and_claim_relevance_inspected; bibliographic record rechecked,citation and literature comparison only; publication not redistributed,proof_logging_and_checked_reasoning,no
Unsatisfiability Proofs for Distributed Clause-Sharing SAT Solvers,https://doi.org/10.1007/978-3-031-30823-9_18,Not determined; publication not redistributed,2026-09-16,scholarly publication,metadata_and_claim_relevance_inspected; bibliographic record rechecked,citation and literature comparison only; publication not redistributed,proof_logging_and_checked_reasoning,no
"DRAT Proofs, Propagation Redundancy, and Extended Resolution",https://doi.org/10.1007/978-3-030-24258-9_5,Not determined; publication not redistributed,2026-09-16,scholarly publication,metadata_and_claim_relevance_inspected; bibliographic record rechecked,citation and literature comparison only; publication not redistributed,proof_logging_and_checked_reasoning,no
SATIRE: A New Incremental Satisfiability Engine,https://doi.org/10.1145/378239.379019,Not determined; publication not redistributed,2026-09-16,scholarly publication,metadata_and_claim_relevance_inspected; bibliographic record rechecked,citation and literature comparison only; publication not redistributed,incremental_solving_and_certification,no
Ultimately Incremental SAT,https://doi.org/10.1007/978-3-319-09284-3_16,Not determined; publication not redistributed,2026-09-16,scholarly publication,substantive_or_targeted_text_inspection_recorded; bibliographic record rechecked,citation and literature comparison only; publication not redistributed,incremental_solving_and_certification,no
Incremental Inprocessing in SAT Solving,https://doi.org/10.1007/978-3-030-24258-9_9,Not determined; publication not redistributed,2026-09-16,scholarly publication,substantive_or_targeted_text_inspection_recorded; bibliographic record rechecked,citation and literature comparison only; publication not redistributed,incremental_solving_and_certification,no
Proofs for Incremental SAT with Inprocessing,https://doi.org/10.34727/2023/ISBN.978-3-85448-060-0_21,Not determined; publication not redistributed,2026-09-16,scholarly publication,substantive_or_targeted_text_inspection_recorded; bibliographic record rechecked,citation and literature comparison only; publication not redistributed,incremental_solving_and_certification,no
Incremental Proofs for Bounded Model Checking,https://hdl.handle.net/20.500.12708/211103,Not determined; publication not redistributed,2026-09-16,scholarly publication,substantive_or_targeted_text_inspection_recorded; bibliographic record rechecked,citation and literature comparison only; publication not redistributed,incremental_solving_and_certification,no
Certifying Incremental SAT Solving,https://doi.org/10.29007/pdcc,Not determined; publication not redistributed,2026-09-16,scholarly publication,substantive_or_targeted_text_inspection_recorded; bibliographic record rechecked,citation and literature comparison only; publication not redistributed,incremental_solving_and_certification,no
IPASIR-UP: User Propagators for CDCL,https://doi.org/10.4230/LIPIcs.SAT.2023.8,Not determined; publication not redistributed,2026-09-16,scholarly publication,substantive_or_targeted_text_inspection_recorded; bibliographic record rechecked,citation and literature comparison only; publication not redistributed,incremental_solving_and_certification,no
Real-Time Proof Checking for Distributed Incremental SAT Solving,https://doi.org/10.1007/978-3-032-22752-2_18,Not determined; publication not redistributed,2026-09-16,scholarly publication,substantive_or_targeted_text_inspection_recorded; bibliographic record rechecked,citation and literature comparison only; publication not redistributed,incremental_solving_and_certification,no
Incremental Inprocessing Rules beyond Resolution,https://ceur-ws.org/Vol-4008/POS_paper11.pdf,Not determined; publication not redistributed,2026-09-16,scholarly publication,substantive_or_targeted_text_inspection_recorded; bibliographic record rechecked,citation and literature comparison only; publication not redistributed,incremental_solving_and_certification,no
Distributed Incremental SAT Solving with Mallob: Report and Case Study with Hierarchical Planning,https://doi.org/10.48550/arXiv.2505.18836,Not determined; publication not redistributed,2026-09-16,scholarly publication,substantive_or_targeted_text_inspection_recorded; bibliographic record rechecked,citation and literature comparison only; publication not redistributed,incremental_solving_and_certification,no
A Theory of Diagnosis from First Principles,https://doi.org/10.1016/0004-3702(87)90062-2,Not determined; publication not redistributed,2026-09-16,scholarly publication,metadata_and_claim_relevance_inspected; bibliographic record rechecked,citation and literature comparison only; publication not redistributed,diagnosis_explanations_and_provenance,no
A Truth Maintenance System,https://doi.org/10.1016/0004-3702(79)90008-0,Not determined; publication not redistributed,2026-09-16,scholarly publication,metadata_and_claim_relevance_inspected; bibliographic record rechecked,citation and literature comparison only; publication not redistributed,diagnosis_explanations_and_provenance,no
An Assumption-Based TMS,https://doi.org/10.1016/0004-3702(86)90080-9,Not determined; publication not redistributed,2026-09-16,scholarly publication,metadata_and_claim_relevance_inspected; bibliographic record rechecked,citation and literature comparison only; publication not redistributed,diagnosis_explanations_and_provenance,no
Forward Reasoning and Dependency-Directed Backtracking in a System for Computer-Aided Circuit Analysis,https://doi.org/10.1016/0004-3702(77)90029-7,Not determined; publication not redistributed,2026-09-16,scholarly publication,metadata_and_claim_relevance_inspected; bibliographic record rechecked,citation and literature comparison only; publication not redistributed,diagnosis_explanations_and_provenance,no
Algorithms for Computing Minimal Unsatisfiable Subsets of Constraints,https://doi.org/10.1007/s10817-007-9084-z,Not determined; publication not redistributed,2026-09-16,scholarly publication,substantive_or_targeted_text_inspection_recorded; bibliographic record rechecked,citation and literature comparison only; publication not redistributed,diagnosis_explanations_and_provenance,no
"Fast, Flexible MUS Enumeration",https://doi.org/10.1007/s10601-015-9183-0,Not determined; publication not redistributed,2026-09-16,scholarly publication,substantive_or_targeted_text_inspection_recorded; bibliographic record rechecked,citation and literature comparison only; publication not redistributed,diagnosis_explanations_and_provenance,no
QuickXplain: Preferred Explanations and Relaxations for Over-Constrained Problems,https://doi.org/10.5555/1597148.1597177,Not determined; publication not redistributed,2026-09-16,scholarly publication,substantive_or_targeted_text_inspection_recorded; bibliographic record rechecked,citation and literature comparison only; publication not redistributed,diagnosis_explanations_and_provenance,no
Provenance Semirings,https://doi.org/10.1145/1265530.1265535,Not determined; publication not redistributed,2026-09-16,scholarly publication,substantive_or_targeted_text_inspection_recorded; bibliographic record rechecked,citation and literature comparison only; publication not redistributed,diagnosis_explanations_and_provenance,no
Graph-Based Algorithms for Boolean Function Manipulation,https://doi.org/10.1109/TC.1986.1676819,Not determined; publication not redistributed,2026-09-16,scholarly publication,substantive_or_targeted_text_inspection_recorded; bibliographic record rechecked,citation and literature comparison only; publication not redistributed,compiled_boolean_representation,no
Zero-Suppressed BDDs for Set Manipulation in Combinatorial Problems,https://doi.org/10.1145/157485.164890,Not determined; publication not redistributed,2026-09-16,scholarly publication,substantive_or_targeted_text_inspection_recorded; bibliographic record rechecked,citation and literature comparison only; publication not redistributed,compiled_boolean_representation,no
A Knowledge Compilation Map,https://doi.org/10.1613/jair.989,Not determined; publication not redistributed,2026-09-16,scholarly publication,substantive_or_targeted_text_inspection_recorded; bibliographic record rechecked,citation and literature comparison only; publication not redistributed,compiled_boolean_representation,no
Symbolic Model Checking without BDDs,https://doi.org/10.1007/3-540-49059-0_14,Not determined; publication not redistributed,2026-09-16,scholarly publication,metadata_and_claim_relevance_inspected; bibliographic record rechecked,citation and literature comparison only; publication not redistributed,model_checking_contracts_and_hardware_certification,no
Bounded Model Checking Using Satisfiability Solving,https://doi.org/10.1023/A:1011276507260,Not determined; publication not redistributed,2026-09-16,scholarly publication,metadata_and_claim_relevance_inspected; bibliographic record rechecked,citation and literature comparison only; publication not redistributed,model_checking_contracts_and_hardware_certification,no
Checking Safety Properties Using Induction and a SAT-Solver,https://doi.org/10.1007/3-540-40922-X_8,Not determined; publication not redistributed,2026-09-16,scholarly publication,metadata_and_claim_relevance_inspected; bibliographic record rechecked,citation and literature comparison only; publication not redistributed,model_checking_contracts_and_hardware_certification,no
Interpolation and SAT-Based Model Checking,https://doi.org/10.1007/978-3-540-45069-6_1,Not determined; publication not redistributed,2026-09-16,scholarly publication,metadata_and_claim_relevance_inspected; bibliographic record rechecked,citation and literature comparison only; publication not redistributed,model_checking_contracts_and_hardware_certification,no
SAT-Based Model Checking without Unrolling,https://doi.org/10.1007/978-3-642-18275-4_7,Not determined; publication not redistributed,2026-09-16,scholarly publication,metadata_and_claim_relevance_inspected; bibliographic record rechecked,citation and literature comparison only; publication not redistributed,model_checking_contracts_and_hardware_certification,no
Efficient Implementation of Property Directed Reachability,https://doi.org/10.5555/2157654.2157675,Not determined; publication not redistributed,2026-09-16,scholarly publication,metadata_and_claim_relevance_inspected; bibliographic record rechecked,citation and literature comparison only; publication not redistributed,model_checking_contracts_and_hardware_certification,no
Robust Boolean Reasoning for Equivalence Checking and Functional Property Verification,https://doi.org/10.1109/TCAD.2002.804386,Not determined; publication not redistributed,2026-09-16,scholarly publication,substantive_or_targeted_text_inspection_recorded; bibliographic record rechecked,citation and literature comparison only; publication not redistributed,model_checking_contracts_and_hardware_certification,no
Interface Automata,https://doi.org/10.1145/503209.503226,Not determined; publication not redistributed,2026-09-16,scholarly publication,metadata_and_claim_relevance_inspected; bibliographic record rechecked,citation and literature comparison only; publication not redistributed,model_checking_contracts_and_hardware_certification,no
Taming Dr. Frankenstein: Contract-Based Design for Cyber-Physical Systems,https://doi.org/10.3166/ejc.18.217-238,Not determined; publication not redistributed,2026-09-16,scholarly publication,metadata_and_claim_relevance_inspected; bibliographic record rechecked,citation and literature comparison only; publication not redistributed,model_checking_contracts_and_hardware_certification,no
Contracts for System Design,https://doi.org/10.1561/1000000053,Not determined; publication not redistributed,2026-09-16,scholarly publication,metadata_and_claim_relevance_inspected; bibliographic record rechecked,citation and literature comparison only; publication not redistributed,model_checking_contracts_and_hardware_certification,no
Proof-Carrying Code,https://doi.org/10.1145/263699.263712,Not determined; publication not redistributed,2026-09-16,scholarly publication,substantive_or_targeted_text_inspection_recorded; bibliographic record rechecked,citation and literature comparison only; publication not redistributed,model_checking_contracts_and_hardware_certification,no
Proof-Carrying Hardware: Concept and Prototype Tool Flow for Online Verification,https://doi.org/10.1155/2010/180242,Not determined; publication not redistributed,2026-09-16,scholarly publication,substantive_or_targeted_text_inspection_recorded; bibliographic record rechecked,citation and literature comparison only; publication not redistributed,model_checking_contracts_and_hardware_certification,no
Progress in Certifying Hardware Model Checking Results,https://doi.org/10.1007/978-3-030-81688-9_17,Not determined; publication not redistributed,2026-09-16,scholarly publication,substantive_or_targeted_text_inspection_recorded; bibliographic record rechecked,citation and literature comparison only; publication not redistributed,model_checking_contracts_and_hardware_certification,no
Stratified Certification for $k$-Induction,https://doi.org/10.34727/2022/ISBN.978-3-85448-053-2_11,Not determined; publication not redistributed,2026-09-16,scholarly publication,substantive_or_targeted_text_inspection_recorded; bibliographic record rechecked,citation and literature comparison only; publication not redistributed,model_checking_contracts_and_hardware_certification,no
Towards Compositional Hardware Model Checking Certification,https://doi.org/10.34727/2023/ISBN.978-3-85448-060-0_12,Not determined; publication not redistributed,2026-09-16,scholarly publication,substantive_or_targeted_text_inspection_recorded; bibliographic record rechecked,citation and literature comparison only; publication not redistributed,model_checking_contracts_and_hardware_certification,no
Automated Testing and Debugging of SAT and QBF Solvers,https://doi.org/10.1007/978-3-642-14186-7_6,Not determined; publication not redistributed,2026-09-16,scholarly publication,metadata_and_claim_relevance_inspected; bibliographic record rechecked,citation and literature comparison only; publication not redistributed,testing_smt_and_benchmark_context,no
Boolean Satisfiability Solvers and Their Applications in Model Checking,https://doi.org/10.1109/JPROC.2015.2455034,Not determined; publication not redistributed,2026-09-16,scholarly publication,metadata_and_claim_relevance_inspected; bibliographic record rechecked,citation and literature comparison only; publication not redistributed,testing_smt_and_benchmark_context,no
CNFgen: A Generator of Crafted Benchmarks,https://doi.org/10.1007/978-3-319-66263-3_30,Not determined; publication not redistributed,2026-09-16,scholarly publication,metadata_and_claim_relevance_inspected; bibliographic record rechecked,citation and literature comparison only; publication not redistributed,testing_smt_and_benchmark_context,no
Proof-Valid Caching under Premise Erasures: Local Structural Limits and Shared-Workload Gains,https://doi.org/10.48550/arXiv.2608.11782,Not determined; publication not redistributed,2026-09-16,scholarly publication,substantive_or_targeted_text_inspection_recorded; bibliographic record rechecked,citation and literature comparison only; publication not redistributed,closest_certificate_or_core_reuse,no
Recycling Algebraic Proof Certificates,https://doi.org/10.48550/arXiv.2507.20267,Not determined; publication not redistributed,2026-09-16,scholarly publication,substantive_or_targeted_text_inspection_recorded; bibliographic record rechecked,citation and literature comparison only; publication not redistributed,closest_certificate_or_core_reuse,no
Cache-a-lot: Pushing the Limits of Unsatisfiable Core Reuse in SMT-Based Program Analysis,https://doi.org/10.48550/arXiv.2504.07642,Not determined; publication not redistributed,2026-09-16,scholarly publication,substantive_or_targeted_text_inspection_recorded; bibliographic record rechecked,citation and literature comparison only; publication not redistributed,closest_certificate_or_core_reuse,no
Linear-Time Algorithms for Testing the Satisfiability of Propositional Horn Formulae,https://doi.org/10.1016/0743-1066(84)90014-1,Not determined; publication not redistributed,2026-09-20,scholarly publication,substantive_or_targeted_text_inspection_recorded; bibliographic record rechecked,citation and literature comparison only; publication not redistributed,horn_satisfiability_and_forward_chaining,no
IEEE TCAD paper submissions,https://ieee-ceda.org/publications/tcad/tcad-paper-submissions,Official workflow page; not redistributed,2026-09-20,official workflow rule,live page inspection,venue calibration and disclosure/page-limit checks only,current submission-format and generative-AI disclosure requirements,no
IEEE Template Selector,https://template-selector.ieee.org/secure/templateSelector/publicationType,Official service; not redistributed,2026-09-20,official template service,service availability and role inspection,template-family calibration only,publisher template selection remains an external pre-submission step,no
Supplied IEEEtran class and bibliography style,Bundled in user-supplied TEMPLATE(20260911-054406).zip,Publisher asset; retained under supplied terms,2026-09-20,publisher template assets,user-supplied archive,paper build; files retained unchanged,IEEE journal-family layout,no
Python standard library runtime,Python 3.13.5 in the execution environment,Python Software Foundation License,2026-09-20,runtime dependency,preinstalled environment,artifact execution only; no third-party Python packages required,offline reproducibility,no
