key,entry_type,year,title,canonical_locator,locator_kind,audit_status,content_review_depth,manuscript_role,access_date,notes
davis1960,article,1960,A Computing Procedure for Quantification Theory,https://doi.org/10.1145/321033.321034,DOI,canonical_locator_and_bibliographic_consistency_checked,metadata_and_claim_relevance_inspected,foundations_and_solver_architecture,2026-09-16,No experimental result is imported; cited only for the role named in manuscript_role.
dll1962,article,1962,A Machine Program for Theorem-Proving,https://doi.org/10.1145/368273.368557,DOI,canonical_locator_and_bibliographic_consistency_checked,metadata_and_claim_relevance_inspected,foundations_and_solver_architecture,2026-09-16,No experimental result is imported; cited only for the role named in manuscript_role.
grasp1999,article,1999,GRASP: A Search Algorithm for Propositional Satisfiability,https://doi.org/10.1109/12.769433,DOI,canonical_locator_and_bibliographic_consistency_checked,metadata_and_claim_relevance_inspected,foundations_and_solver_architecture,2026-09-16,No experimental result is imported; cited only for the role named in manuscript_role.
chaff2001,inproceedings,2001,Chaff: Engineering an Efficient SAT Solver,https://doi.org/10.1145/378239.379017,DOI,canonical_locator_and_bibliographic_consistency_checked,metadata_and_claim_relevance_inspected,foundations_and_solver_architecture,2026-09-16,No experimental result is imported; cited only for the role named in manuscript_role.
minisat2004,inproceedings,2004,An Extensible SAT-Solver,https://doi.org/10.1007/978-3-540-24605-3_37,DOI,canonical_locator_and_bibliographic_consistency_checked,metadata_and_claim_relevance_inspected,foundations_and_solver_architecture,2026-09-16,No experimental result is imported; cited only for the role named in manuscript_role.
proofcomplexity2021,incollection,2021,Proof Complexity and SAT Solving,https://doi.org/10.3233/FAIA200990,DOI,publisher_or_official_archive_record_rechecked,metadata_and_claim_relevance_inspected,foundations_and_solver_architecture,2026-09-16,No experimental result is imported; cited only for the role named in manuscript_role.
checker2003,inproceedings,2003,Validating SAT Solvers Using an Independent Resolution-Based Checker: Practical Implementations and Other Applications,https://doi.org/10.1109/DATE.2003.1253717,DOI,canonical_locator_and_bibliographic_consistency_checked,substantive_or_targeted_text_inspection_recorded,proof_logging_and_checked_reasoning,2026-09-16,No experimental result is imported; cited only for the role named in manuscript_role.
goldberg2003,inproceedings,2003,Verification of Proofs of Unsatisfiability for CNF Formulas,https://doi.org/10.1109/DATE.2003.1253718,DOI,publisher_or_official_archive_record_rechecked,substantive_or_targeted_text_inspection_recorded,proof_logging_and_checked_reasoning,2026-09-16,No experimental result is imported; cited only for the role named in manuscript_role.
vangelder2008,inproceedings,2008,Verifying RUP Proofs of Propositional Unsatisfiability,https://users.soe.ucsc.edu/~avg/Papers/proofs-isaim08.pdf,official_archive_URL,publisher_or_official_archive_record_rechecked,metadata_and_claim_relevance_inspected,proof_logging_and_checked_reasoning,2026-09-16,No experimental result is imported; cited only for the role named in manuscript_role.
trimming2013,inproceedings,2013,Trimming while Checking Clausal Proofs,https://doi.org/10.1109/FMCAD.2013.6679408,DOI,publisher_or_official_archive_record_rechecked,metadata_and_claim_relevance_inspected,proof_logging_and_checked_reasoning,2026-09-16,No experimental result is imported; cited only for the role named in manuscript_role.
extended2013,inproceedings,2013,Verifying Refutations with Extended Resolution,https://doi.org/10.1007/978-3-642-38574-2_24,DOI,publisher_or_official_archive_record_rechecked,metadata_and_claim_relevance_inspected,proof_logging_and_checked_reasoning,2026-09-16,No experimental result is imported; cited only for the role named in manuscript_role.
drattrim2014,inproceedings,2014,DRAT-trim: Efficient Checking and Trimming Using Expressive Clausal Proofs,https://doi.org/10.1007/978-3-319-09284-3_31,DOI,publisher_or_official_archive_record_rechecked,metadata_and_claim_relevance_inspected,proof_logging_and_checked_reasoning,2026-09-16,No experimental result is imported; cited only for the role named in manuscript_role.
certres2017,inproceedings,2017,Efficient Certified Resolution Proof Checking,https://doi.org/10.1007/978-3-662-54577-5_7,DOI,publisher_or_official_archive_record_rechecked,metadata_and_claim_relevance_inspected,proof_logging_and_checked_reasoning,2026-09-16,No experimental result is imported; cited only for the role named in manuscript_role.
certrat2017,inproceedings,2017,Efficient Certified RAT Verification,https://doi.org/10.1007/978-3-319-63046-5_14,DOI,publisher_or_official_archive_record_rechecked,metadata_and_claim_relevance_inspected,proof_logging_and_checked_reasoning,2026-09-16,No experimental result is imported; cited only for the role named in manuscript_role.
frat2021,inproceedings,2021,A Flexible Proof Format for SAT Solver-Elaborator Communication,https://doi.org/10.1007/978-3-030-72016-2_4,DOI,canonical_locator_and_bibliographic_consistency_checked,metadata_and_claim_relevance_inspected,proof_logging_and_checked_reasoning,2026-09-16,No experimental result is imported; cited only for the role named in manuscript_role.
dratformat2016,misc,2016,The DRAT Format and DRAT-trim Checker,https://doi.org/10.48550/arXiv.1610.06229,DOI,canonical_locator_and_bibliographic_consistency_checked,metadata_and_claim_relevance_inspected,proof_logging_and_checked_reasoning,2026-09-16,No experimental result is imported; cited only for the role named in manuscript_role.
unsatproofs2021,incollection,2021,Proofs of Unsatisfiability,https://doi.org/10.3233/FAIA200998,DOI,publisher_or_official_archive_record_rechecked,metadata_and_claim_relevance_inspected,proof_logging_and_checked_reasoning,2026-09-16,No experimental result is imported; cited only for the role named in manuscript_role.
fasterlrat2023,inproceedings,2023,Faster LRAT Checking than Solving with CaDiCaL,https://doi.org/10.4230/LIPIcs.SAT.2023.21,DOI,canonical_locator_and_bibliographic_consistency_checked,metadata_and_claim_relevance_inspected,proof_logging_and_checked_reasoning,2026-09-16,No experimental result is imported; cited only for the role named in manuscript_role.
distributedproofs2023,inproceedings,2023,Unsatisfiability Proofs for Distributed Clause-Sharing SAT Solvers,https://doi.org/10.1007/978-3-031-30823-9_18,DOI,canonical_locator_and_bibliographic_consistency_checked,metadata_and_claim_relevance_inspected,proof_logging_and_checked_reasoning,2026-09-16,No experimental result is imported; cited only for the role named in manuscript_role.
dratprop2019,inproceedings,2019,"DRAT Proofs, Propagation Redundancy, and Extended Resolution",https://doi.org/10.1007/978-3-030-24258-9_5,DOI,publisher_or_official_archive_record_rechecked,metadata_and_claim_relevance_inspected,proof_logging_and_checked_reasoning,2026-09-16,No experimental result is imported; cited only for the role named in manuscript_role.
satire2001,inproceedings,2001,SATIRE: A New Incremental Satisfiability Engine,https://doi.org/10.1145/378239.379019,DOI,publisher_or_official_archive_record_rechecked,metadata_and_claim_relevance_inspected,incremental_solving_and_certification,2026-09-16,No experimental result is imported; cited only for the role named in manuscript_role.
uisat2014,inproceedings,2014,Ultimately Incremental SAT,https://doi.org/10.1007/978-3-319-09284-3_16,DOI,publisher_or_official_archive_record_rechecked,substantive_or_targeted_text_inspection_recorded,incremental_solving_and_certification,2026-09-16,No experimental result is imported; cited only for the role named in manuscript_role.
incrinpr2019,inproceedings,2019,Incremental Inprocessing in SAT Solving,https://doi.org/10.1007/978-3-030-24258-9_9,DOI,canonical_locator_and_bibliographic_consistency_checked,substantive_or_targeted_text_inspection_recorded,incremental_solving_and_certification,2026-09-16,No experimental result is imported; cited only for the role named in manuscript_role.
incrproofs2023,inproceedings,2023,Proofs for Incremental SAT with Inprocessing,https://doi.org/10.34727/2023/ISBN.978-3-85448-060-0_21,DOI,canonical_locator_and_bibliographic_consistency_checked,substantive_or_targeted_text_inspection_recorded,incremental_solving_and_certification,2026-09-16,No experimental result is imported; cited only for the role named in manuscript_role.
bmcproofs2024,inproceedings,2024,Incremental Proofs for Bounded Model Checking,https://hdl.handle.net/20.500.12708/211103,official_archive_URL,publisher_or_official_archive_record_rechecked,substantive_or_targeted_text_inspection_recorded,incremental_solving_and_certification,2026-09-16,No experimental result is imported; cited only for the role named in manuscript_role.
lidrup2024,inproceedings,2024,Certifying Incremental SAT Solving,https://doi.org/10.29007/pdcc,DOI,canonical_locator_and_bibliographic_consistency_checked,substantive_or_targeted_text_inspection_recorded,incremental_solving_and_certification,2026-09-16,No experimental result is imported; cited only for the role named in manuscript_role.
ipasirup2023,inproceedings,2023,IPASIR-UP: User Propagators for CDCL,https://doi.org/10.4230/LIPIcs.SAT.2023.8,DOI,publisher_or_official_archive_record_rechecked,substantive_or_targeted_text_inspection_recorded,incremental_solving_and_certification,2026-09-16,No experimental result is imported; cited only for the role named in manuscript_role.
realtime2026,inproceedings,2026,Real-Time Proof Checking for Distributed Incremental SAT Solving,https://doi.org/10.1007/978-3-032-22752-2_18,DOI,canonical_locator_and_bibliographic_consistency_checked,substantive_or_targeted_text_inspection_recorded,incremental_solving_and_certification,2026-09-16,No experimental result is imported; cited only for the role named in manuscript_role.
beyond2025,inproceedings,2025,Incremental Inprocessing Rules beyond Resolution,https://ceur-ws.org/Vol-4008/POS_paper11.pdf,official_archive_URL,publisher_or_official_archive_record_rechecked,substantive_or_targeted_text_inspection_recorded,incremental_solving_and_certification,2026-09-16,No experimental result is imported; cited only for the role named in manuscript_role.
mallob2025,misc,2025,Distributed Incremental SAT Solving with Mallob: Report and Case Study with Hierarchical Planning,https://doi.org/10.48550/arXiv.2505.18836,DOI,canonical_locator_and_bibliographic_consistency_checked,substantive_or_targeted_text_inspection_recorded,incremental_solving_and_certification,2026-09-16,No experimental result is imported; cited only for the role named in manuscript_role.
reiter1987,article,1987,A Theory of Diagnosis from First Principles,https://doi.org/10.1016/0004-3702(87)90062-2,DOI,canonical_locator_and_bibliographic_consistency_checked,metadata_and_claim_relevance_inspected,diagnosis_explanations_and_provenance,2026-09-16,No experimental result is imported; cited only for the role named in manuscript_role.
doyle1979,article,1979,A Truth Maintenance System,https://doi.org/10.1016/0004-3702(79)90008-0,DOI,canonical_locator_and_bibliographic_consistency_checked,metadata_and_claim_relevance_inspected,diagnosis_explanations_and_provenance,2026-09-16,No experimental result is imported; cited only for the role named in manuscript_role.
dekleer1986,article,1986,An Assumption-Based TMS,https://doi.org/10.1016/0004-3702(86)90080-9,DOI,canonical_locator_and_bibliographic_consistency_checked,metadata_and_claim_relevance_inspected,diagnosis_explanations_and_provenance,2026-09-16,No experimental result is imported; cited only for the role named in manuscript_role.
stallman1977,article,1977,Forward Reasoning and Dependency-Directed Backtracking in a System for Computer-Aided Circuit Analysis,https://doi.org/10.1016/0004-3702(77)90029-7,DOI,canonical_locator_and_bibliographic_consistency_checked,metadata_and_claim_relevance_inspected,diagnosis_explanations_and_provenance,2026-09-16,No experimental result is imported; cited only for the role named in manuscript_role.
liffiton2008,article,2008,Algorithms for Computing Minimal Unsatisfiable Subsets of Constraints,https://doi.org/10.1007/s10817-007-9084-z,DOI,canonical_locator_and_bibliographic_consistency_checked,substantive_or_targeted_text_inspection_recorded,diagnosis_explanations_and_provenance,2026-09-16,No experimental result is imported; cited only for the role named in manuscript_role.
liffiton2016,article,2016,"Fast, Flexible MUS Enumeration",https://doi.org/10.1007/s10601-015-9183-0,DOI,canonical_locator_and_bibliographic_consistency_checked,substantive_or_targeted_text_inspection_recorded,diagnosis_explanations_and_provenance,2026-09-16,No experimental result is imported; cited only for the role named in manuscript_role.
junker2004,inproceedings,2004,QuickXplain: Preferred Explanations and Relaxations for Over-Constrained Problems,https://doi.org/10.5555/1597148.1597177,DOI,publisher_or_official_archive_record_rechecked,substantive_or_targeted_text_inspection_recorded,diagnosis_explanations_and_provenance,2026-09-16,No experimental result is imported; cited only for the role named in manuscript_role.
provenance2007,inproceedings,2007,Provenance Semirings,https://doi.org/10.1145/1265530.1265535,DOI,canonical_locator_and_bibliographic_consistency_checked,substantive_or_targeted_text_inspection_recorded,diagnosis_explanations_and_provenance,2026-09-16,No experimental result is imported; cited only for the role named in manuscript_role.
bdd1986,article,1986,Graph-Based Algorithms for Boolean Function Manipulation,https://doi.org/10.1109/TC.1986.1676819,DOI,canonical_locator_and_bibliographic_consistency_checked,substantive_or_targeted_text_inspection_recorded,compiled_boolean_representation,2026-09-16,No experimental result is imported; cited only for the role named in manuscript_role.
zdd1993,inproceedings,1993,Zero-Suppressed BDDs for Set Manipulation in Combinatorial Problems,https://doi.org/10.1145/157485.164890,DOI,canonical_locator_and_bibliographic_consistency_checked,substantive_or_targeted_text_inspection_recorded,compiled_boolean_representation,2026-09-16,No experimental result is imported; cited only for the role named in manuscript_role.
kcomp2002,article,2002,A Knowledge Compilation Map,https://doi.org/10.1613/jair.989,DOI,canonical_locator_and_bibliographic_consistency_checked,substantive_or_targeted_text_inspection_recorded,compiled_boolean_representation,2026-09-16,No experimental result is imported; cited only for the role named in manuscript_role.
bmc1999,inproceedings,1999,Symbolic Model Checking without BDDs,https://doi.org/10.1007/3-540-49059-0_14,DOI,publisher_or_official_archive_record_rechecked,metadata_and_claim_relevance_inspected,model_checking_contracts_and_hardware_certification,2026-09-16,No experimental result is imported; cited only for the role named in manuscript_role.
bmc2001,article,2001,Bounded Model Checking Using Satisfiability Solving,https://doi.org/10.1023/A:1011276507260,DOI,canonical_locator_and_bibliographic_consistency_checked,metadata_and_claim_relevance_inspected,model_checking_contracts_and_hardware_certification,2026-09-16,No experimental result is imported; cited only for the role named in manuscript_role.
kinduction2000,inproceedings,2000,Checking Safety Properties Using Induction and a SAT-Solver,https://doi.org/10.1007/3-540-40922-X_8,DOI,publisher_or_official_archive_record_rechecked,metadata_and_claim_relevance_inspected,model_checking_contracts_and_hardware_certification,2026-09-16,No experimental result is imported; cited only for the role named in manuscript_role.
interpolation2003,inproceedings,2003,Interpolation and SAT-Based Model Checking,https://doi.org/10.1007/978-3-540-45069-6_1,DOI,publisher_or_official_archive_record_rechecked,metadata_and_claim_relevance_inspected,model_checking_contracts_and_hardware_certification,2026-09-16,No experimental result is imported; cited only for the role named in manuscript_role.
pdr2011,inproceedings,2011,SAT-Based Model Checking without Unrolling,https://doi.org/10.1007/978-3-642-18275-4_7,DOI,publisher_or_official_archive_record_rechecked,metadata_and_claim_relevance_inspected,model_checking_contracts_and_hardware_certification,2026-09-16,No experimental result is imported; cited only for the role named in manuscript_role.
pdrimpl2011,inproceedings,2011,Efficient Implementation of Property Directed Reachability,https://doi.org/10.5555/2157654.2157675,DOI,publisher_or_official_archive_record_rechecked,metadata_and_claim_relevance_inspected,model_checking_contracts_and_hardware_certification,2026-09-16,No experimental result is imported; cited only for the role named in manuscript_role.
equiv2002,article,2002,Robust Boolean Reasoning for Equivalence Checking and Functional Property Verification,https://doi.org/10.1109/TCAD.2002.804386,DOI,canonical_locator_and_bibliographic_consistency_checked,substantive_or_targeted_text_inspection_recorded,model_checking_contracts_and_hardware_certification,2026-09-16,No experimental result is imported; cited only for the role named in manuscript_role.
interface2001,inproceedings,2001,Interface Automata,https://doi.org/10.1145/503209.503226,DOI,canonical_locator_and_bibliographic_consistency_checked,metadata_and_claim_relevance_inspected,model_checking_contracts_and_hardware_certification,2026-09-16,No experimental result is imported; cited only for the role named in manuscript_role.
contracts2012,article,2012,Taming Dr. Frankenstein: Contract-Based Design for Cyber-Physical Systems,https://doi.org/10.3166/ejc.18.217-238,DOI,canonical_locator_and_bibliographic_consistency_checked,metadata_and_claim_relevance_inspected,model_checking_contracts_and_hardware_certification,2026-09-16,No experimental result is imported; cited only for the role named in manuscript_role.
contracts2018,article,2018,Contracts for System Design,https://doi.org/10.1561/1000000053,DOI,canonical_locator_and_bibliographic_consistency_checked,metadata_and_claim_relevance_inspected,model_checking_contracts_and_hardware_certification,2026-09-16,No experimental result is imported; cited only for the role named in manuscript_role.
pcc1997,inproceedings,1997,Proof-Carrying Code,https://doi.org/10.1145/263699.263712,DOI,canonical_locator_and_bibliographic_consistency_checked,substantive_or_targeted_text_inspection_recorded,model_checking_contracts_and_hardware_certification,2026-09-16,No experimental result is imported; cited only for the role named in manuscript_role.
pch2010,article,2010,Proof-Carrying Hardware: Concept and Prototype Tool Flow for Online Verification,https://doi.org/10.1155/2010/180242,DOI,canonical_locator_and_bibliographic_consistency_checked,substantive_or_targeted_text_inspection_recorded,model_checking_contracts_and_hardware_certification,2026-09-16,No experimental result is imported; cited only for the role named in manuscript_role.
hwcert2021,inproceedings,2021,Progress in Certifying Hardware Model Checking Results,https://doi.org/10.1007/978-3-030-81688-9_17,DOI,publisher_or_official_archive_record_rechecked,substantive_or_targeted_text_inspection_recorded,model_checking_contracts_and_hardware_certification,2026-09-16,No experimental result is imported; cited only for the role named in manuscript_role.
hwcert2022,inproceedings,2022,Stratified Certification for $k$-Induction,https://doi.org/10.34727/2022/ISBN.978-3-85448-053-2_11,DOI,publisher_or_official_archive_record_rechecked,substantive_or_targeted_text_inspection_recorded,model_checking_contracts_and_hardware_certification,2026-09-16,No experimental result is imported; cited only for the role named in manuscript_role.
hwcert2023,inproceedings,2023,Towards Compositional Hardware Model Checking Certification,https://doi.org/10.34727/2023/ISBN.978-3-85448-060-0_12,DOI,canonical_locator_and_bibliographic_consistency_checked,substantive_or_targeted_text_inspection_recorded,model_checking_contracts_and_hardware_certification,2026-09-16,No experimental result is imported; cited only for the role named in manuscript_role.
qbfdebug2010,inproceedings,2010,Automated Testing and Debugging of SAT and QBF Solvers,https://doi.org/10.1007/978-3-642-14186-7_6,DOI,publisher_or_official_archive_record_rechecked,metadata_and_claim_relevance_inspected,testing_smt_and_benchmark_context,2026-09-16,No experimental result is imported; cited only for the role named in manuscript_role.
satmc2015,article,2015,Boolean Satisfiability Solvers and Their Applications in Model Checking,https://doi.org/10.1109/JPROC.2015.2455034,DOI,canonical_locator_and_bibliographic_consistency_checked,metadata_and_claim_relevance_inspected,testing_smt_and_benchmark_context,2026-09-16,No experimental result is imported; cited only for the role named in manuscript_role.
cnfgen2017,inproceedings,2017,CNFgen: A Generator of Crafted Benchmarks,https://doi.org/10.1007/978-3-319-66263-3_30,DOI,publisher_or_official_archive_record_rechecked,metadata_and_claim_relevance_inspected,testing_smt_and_benchmark_context,2026-09-16,No experimental result is imported; cited only for the role named in manuscript_role.
proofcache2026,misc,2026,Proof-Valid Caching under Premise Erasures: Local Structural Limits and Shared-Workload Gains,https://doi.org/10.48550/arXiv.2608.11782,DOI,canonical_locator_and_bibliographic_consistency_checked,substantive_or_targeted_text_inspection_recorded,closest_certificate_or_core_reuse,2026-09-16,No experimental result is imported; cited only for the role named in manuscript_role.
algebraicrecycle2025,inproceedings,2025,Recycling Algebraic Proof Certificates,https://doi.org/10.48550/arXiv.2507.20267,DOI,publisher_or_official_archive_record_rechecked,substantive_or_targeted_text_inspection_recorded,closest_certificate_or_core_reuse,2026-09-16,No experimental result is imported; cited only for the role named in manuscript_role.
cachealot2025,misc,2025,Cache-a-lot: Pushing the Limits of Unsatisfiable Core Reuse in SMT-Based Program Analysis,https://doi.org/10.48550/arXiv.2504.07642,DOI,canonical_locator_and_bibliographic_consistency_checked,substantive_or_targeted_text_inspection_recorded,closest_certificate_or_core_reuse,2026-09-16,No experimental result is imported; cited only for the role named in manuscript_role.
horntime1984,article,1984,Linear-Time Algorithms for Testing the Satisfiability of Propositional Horn Formulae,https://doi.org/10.1016/0743-1066(84)90014-1,DOI,publisher_or_official_archive_record_rechecked,substantive_or_targeted_text_inspection_recorded,horn_satisfiability_and_forward_chaining,2026-09-20,Classical Horn-SAT result cited to delimit rather than claim novelty for forward chaining; no experimental result is imported.
