instance,query,target_unsat,single_accept,horn_accept,changed_leaves,recomputed_gates,circuit_gates,incremental_match
0,0,1,1,1,1,70,345,1
0,1,1,0,1,1,118,345,1
0,2,1,0,1,0,0,345,1
0,3,1,0,1,0,0,345,1
0,4,1,0,1,0,0,345,1
0,5,1,0,1,1,25,345,1
0,6,1,0,1,1,45,345,1
0,7,1,0,1,0,0,345,1
0,8,1,0,1,0,0,345,1
0,9,1,0,1,0,0,345,1
0,10,1,0,1,1,12,345,1
0,11,1,0,1,1,45,345,1
0,12,1,0,1,0,0,345,1
0,13,1,0,1,0,0,345,1
0,14,1,0,1,0,0,345,1
0,15,1,0,1,0,0,345,1
0,16,1,0,1,1,70,345,1
0,17,1,0,1,0,0,345,1
0,18,1,0,1,0,0,345,1
0,19,1,0,1,0,0,345,1
0,20,1,0,1,1,11,345,1
0,21,1,0,1,1,25,345,1
0,22,1,0,1,0,0,345,1
0,23,1,0,1,0,0,345,1
0,24,1,0,1,0,0,345,1
0,25,1,0,1,1,142,345,1
0,26,1,0,1,1,94,345,1
0,27,1,0,1,0,0,345,1
0,28,1,0,1,0,0,345,1
0,29,1,0,1,0,0,345,1
0,30,1,0,1,1,12,345,1
0,31,1,0,1,1,94,345,1
0,32,1,0,1,0,0,345,1
0,33,1,0,1,0,0,345,1
0,34,1,0,1,0,0,345,1
0,35,1,0,1,1,2,345,1
0,36,1,0,1,1,12,345,1
0,37,1,0,1,0,0,345,1
0,38,1,0,1,0,0,345,1
0,39,1,0,1,0,0,345,1
0,40,1,0,1,1,46,345,1
0,41,1,0,1,1,2,345,1
0,42,1,0,1,0,0,345,1
0,43,1,0,1,0,0,345,1
0,44,1,0,1,0,0,345,1
0,45,1,0,1,1,45,345,1
0,46,1,0,1,1,11,345,1
0,47,1,0,1,0,0,345,1
0,48,1,0,1,0,0,345,1
0,49,1,0,1,0,0,345,1
0,50,1,0,1,1,25,345,1
0,51,1,0,1,1,94,345,1
0,52,1,0,1,0,0,345,1
0,53,1,0,1,0,0,345,1
0,54,1,0,1,0,0,345,1
0,55,1,0,1,1,118,345,1
0,56,1,0,1,0,0,345,1
0,57,1,0,1,0,0,345,1
0,58,1,0,1,0,0,345,1
0,59,1,0,1,0,0,345,1
0,60,1,0,1,1,2,345,1
0,61,1,0,1,1,142,345,1
0,62,1,0,1,0,0,345,1
0,63,1,0,1,0,0,345,1
0,64,1,0,1,0,0,345,1
0,65,1,0,1,1,70,345,1
0,66,1,0,1,1,94,345,1
0,67,1,0,1,0,0,345,1
0,68,1,0,1,0,0,345,1
0,69,1,0,1,0,0,345,1
0,70,1,0,1,1,94,345,1
0,71,1,0,1,1,70,345,1
0,72,1,0,1,1,94,345,1
0,73,1,0,1,0,0,345,1
0,74,1,0,1,0,0,345,1
0,75,1,0,1,1,70,345,1
0,76,1,0,1,1,142,345,1
0,77,1,0,1,1,94,345,1
0,78,1,0,1,0,0,345,1
0,79,1,0,1,0,0,345,1
0,80,1,0,1,0,0,345,1
0,81,1,0,1,0,0,345,1
0,82,1,0,1,0,0,345,1
0,83,1,0,1,0,0,345,1
0,84,1,0,1,0,0,345,1
0,85,1,0,1,1,142,345,1
0,86,1,0,1,1,2,345,1
0,87,1,0,1,0,0,345,1
0,88,1,0,1,0,0,345,1
0,89,1,0,1,0,0,345,1
0,90,1,0,1,1,12,345,1
0,91,0,0,0,1,70,345,1
0,92,0,0,0,0,0,345,1
0,93,0,0,0,0,0,345,1
0,94,0,0,0,0,0,345,1
0,95,0,0,0,1,11,345,1
0,96,0,0,0,1,142,345,1
0,97,0,0,0,0,0,345,1
0,98,0,0,0,0,0,345,1
0,99,0,0,0,0,0,345,1
0,100,0,0,0,1,26,345,1
0,101,1,0,1,1,70,345,1
0,102,1,0,1,0,0,345,1
0,103,1,0,1,0,0,345,1
0,104,1,0,1,0,0,345,1
0,105,1,0,1,1,11,345,1
0,106,0,0,0,1,142,345,1
0,107,0,0,0,0,0,345,1
0,108,0,0,0,0,0,345,1
0,109,0,0,0,0,0,345,1
0,110,0,0,0,1,165,345,1
0,111,0,0,0,1,118,345,1
0,112,0,0,0,1,12,345,1
0,113,0,0,0,0,0,345,1
0,114,0,0,0,0,0,345,1
0,115,0,0,0,0,0,345,1
0,116,0,0,0,1,2,345,1
0,117,0,0,0,0,0,345,1
0,118,0,0,0,0,0,345,1
0,119,0,0,0,0,0,345,1
0,120,0,0,0,1,12,345,1
0,121,0,0,0,1,142,345,1
0,122,0,0,0,0,0,345,1
0,123,0,0,0,0,0,345,1
0,124,0,0,0,0,0,345,1
0,125,0,0,0,1,4,345,1
0,126,0,0,0,1,165,345,1
0,127,0,0,0,0,0,345,1
1,0,1,1,1,1,230,1321,1
1,1,1,1,1,1,566,1321,1
1,2,1,1,1,0,0,1321,1
1,3,1,1,1,0,0,1321,1
1,4,1,1,1,0,0,1321,1
1,5,1,1,1,1,518,1321,1
1,6,1,0,1,1,566,1321,1
1,7,1,0,1,0,0,1321,1
1,8,1,0,1,0,0,1321,1
1,9,1,0,1,0,0,1321,1
1,10,1,0,1,1,69,1321,1
1,11,1,0,1,1,101,1321,1
1,12,1,0,1,0,0,1321,1
1,13,1,0,1,0,0,1321,1
1,14,1,0,1,0,0,1321,1
1,15,1,0,1,1,138,1321,1
1,16,1,0,1,1,137,1321,1
1,17,1,0,1,0,0,1321,1
1,18,1,0,1,0,0,1321,1
1,19,1,0,1,0,0,1321,1
1,20,1,0,1,1,100,1321,1
1,21,1,0,1,1,182,1321,1
1,22,1,0,1,0,0,1321,1
1,23,1,0,1,0,0,1321,1
1,24,1,0,1,0,0,1321,1
1,25,1,0,1,1,45,1321,1
1,26,1,0,1,1,326,1321,1
1,27,1,0,1,0,0,1321,1
1,28,1,0,1,0,0,1321,1
1,29,1,0,1,0,0,1321,1
1,30,1,0,1,1,2,1321,1
1,31,1,0,1,1,326,1321,1
1,32,1,0,1,0,0,1321,1
1,33,1,0,1,0,0,1321,1
1,34,1,0,1,0,0,1321,1
1,35,1,0,1,1,182,1321,1
1,36,1,0,1,1,9,1321,1
1,37,1,0,1,0,0,1321,1
1,38,1,0,1,0,0,1321,1
1,39,1,0,1,0,0,1321,1
1,40,1,0,1,1,422,1321,1
1,41,1,0,1,1,566,1321,1
1,42,1,0,1,0,0,1321,1
1,43,1,0,1,0,0,1321,1
1,44,1,0,1,0,0,1321,1
1,45,1,0,1,1,518,1321,1
1,46,1,0,1,1,230,1321,1
1,47,1,0,1,0,0,1321,1
1,48,1,0,1,0,0,1321,1
1,49,1,0,1,0,0,1321,1
1,50,1,0,1,1,44,1321,1
1,51,1,0,1,1,2,1321,1
1,52,1,0,1,0,0,1321,1
1,53,1,0,1,0,0,1321,1
1,54,1,0,1,0,0,1321,1
1,55,1,0,1,1,326,1321,1
1,56,1,0,1,1,374,1321,1
1,57,1,0,1,0,0,1321,1
1,58,1,0,1,0,0,1321,1
1,59,1,0,1,0,0,1321,1
1,60,1,0,1,1,422,1321,1
1,61,1,0,1,1,137,1321,1
1,62,1,0,1,0,0,1321,1
1,63,1,0,1,0,0,1321,1
1,64,1,0,1,0,0,1321,1
1,65,1,0,1,1,68,1321,1
1,66,1,0,1,1,566,1321,1
1,67,1,0,1,0,0,1321,1
1,68,1,0,1,0,0,1321,1
1,69,1,0,1,0,0,1321,1
1,70,1,0,1,1,326,1321,1
1,71,1,0,1,1,566,1321,1
1,72,1,0,1,0,0,1321,1
1,73,1,0,1,0,0,1321,1
1,74,1,0,1,0,0,1321,1
1,75,1,0,1,1,422,1321,1
1,76,1,0,1,1,11,1321,1
1,77,1,0,1,0,0,1321,1
1,78,1,0,1,0,0,1321,1
1,79,1,0,1,0,0,1321,1
1,80,1,0,1,1,11,1321,1
1,81,1,0,1,1,182,1321,1
1,82,1,0,1,0,0,1321,1
1,83,1,0,1,0,0,1321,1
1,84,1,0,1,0,0,1321,1
1,85,1,0,1,1,43,1321,1
1,86,1,0,1,1,422,1321,1
1,87,1,0,1,0,0,1321,1
1,88,1,0,1,0,0,1321,1
1,89,1,0,1,0,0,1321,1
1,90,1,0,1,1,326,1321,1
1,91,1,0,1,1,138,1321,1
1,92,1,0,1,1,68,1321,1
1,93,1,0,1,0,0,1321,1
1,94,1,0,1,0,0,1321,1
1,95,1,0,1,1,613,1321,1
1,96,1,0,1,1,2,1321,1
1,97,1,0,1,0,0,1321,1
1,98,1,0,1,0,0,1321,1
1,99,1,0,1,0,0,1321,1
1,100,1,0,1,1,24,1321,1
1,101,1,0,1,1,278,1321,1
1,102,1,0,1,0,0,1321,1
1,103,1,0,1,0,0,1321,1
1,104,1,0,1,0,0,1321,1
1,105,1,0,1,1,69,1321,1
1,106,1,0,1,1,422,1321,1
1,107,1,0,1,0,0,1321,1
1,108,1,0,1,0,0,1321,1
1,109,1,0,1,0,0,1321,1
1,110,1,0,1,1,422,1321,1
1,111,1,0,1,1,101,1321,1
1,112,1,0,1,0,0,1321,1
1,113,1,0,1,0,0,1321,1
1,114,1,0,1,0,0,1321,1
1,115,1,0,1,1,69,1321,1
1,116,1,0,1,1,230,1321,1
1,117,1,0,1,0,0,1321,1
1,118,1,0,1,0,0,1321,1
1,119,1,0,1,0,0,1321,1
1,120,1,0,1,0,0,1321,1
1,121,1,0,1,1,374,1321,1
1,122,1,0,1,0,0,1321,1
1,123,1,0,1,0,0,1321,1
1,124,1,0,1,0,0,1321,1
1,125,1,0,1,1,326,1321,1
1,126,1,0,1,1,278,1321,1
1,127,1,0,1,0,0,1321,1
2,0,1,1,1,1,12,3625,1
2,1,1,1,1,1,71,3625,1
2,2,1,1,1,0,0,3625,1
2,3,1,1,1,0,0,3625,1
2,4,1,1,1,0,0,3625,1
2,5,1,1,1,1,945,3625,1
2,6,1,0,1,1,1649,3625,1
2,7,1,0,1,0,0,3625,1
2,8,1,0,1,0,0,3625,1
2,9,1,0,1,0,0,3625,1
2,10,1,0,1,1,1904,3625,1
2,11,1,0,1,1,497,3625,1
2,12,1,0,1,0,0,3625,1
2,13,1,0,1,0,0,3625,1
2,14,1,0,1,0,0,3625,1
2,15,1,0,1,1,369,3625,1
2,16,1,0,1,1,119,3625,1
2,17,1,0,1,0,0,3625,1
2,18,1,0,1,0,0,3625,1
2,19,1,0,1,0,0,3625,1
2,20,1,0,1,1,497,3625,1
2,21,1,0,1,1,1777,3625,1
2,22,1,0,1,0,0,3625,1
2,23,1,0,1,0,0,3625,1
2,24,1,0,1,0,0,3625,1
2,25,1,0,1,1,14,3625,1
2,26,1,0,1,1,71,3625,1
2,27,1,0,1,0,0,3625,1
2,28,1,0,1,0,0,3625,1
2,29,1,0,1,0,0,3625,1
2,30,1,0,1,1,625,3625,1
2,31,1,0,1,1,72,3625,1
2,32,1,0,1,0,0,3625,1
2,33,1,0,1,0,0,3625,1
2,34,1,0,1,0,0,3625,1
2,35,1,0,1,1,71,3625,1
2,36,1,0,1,1,1713,3625,1
2,37,1,0,1,0,0,3625,1
2,38,1,0,1,0,0,3625,1
2,39,1,0,1,0,0,3625,1
2,40,1,0,1,1,241,3625,1
2,41,1,0,1,1,1329,3625,1
2,42,1,0,1,0,0,3625,1
2,43,1,0,1,0,0,3625,1
2,44,1,0,1,0,0,3625,1
2,45,1,0,1,1,433,3625,1
2,46,1,0,1,1,497,3625,1
2,47,1,0,1,0,0,3625,1
2,48,1,0,1,0,0,3625,1
2,49,1,0,1,0,0,3625,1
2,50,1,0,1,1,433,3625,1
2,51,1,0,1,1,72,3625,1
2,52,1,0,1,0,0,3625,1
2,53,1,0,1,0,0,3625,1
2,54,1,0,1,0,0,3625,1
2,55,1,0,1,1,817,3625,1
2,56,1,0,1,1,1457,3625,1
2,57,1,0,1,0,0,3625,1
2,58,1,0,1,0,0,3625,1
2,59,1,0,1,0,0,3625,1
2,60,1,0,1,1,1201,3625,1
2,61,1,0,1,1,1073,3625,1
2,62,1,0,1,0,0,3625,1
2,63,1,0,1,0,0,3625,1
2,64,1,0,1,0,0,3625,1
2,65,1,0,1,1,817,3625,1
2,66,1,0,1,1,177,3625,1
2,67,1,0,1,0,0,3625,1
2,68,1,0,1,0,0,3625,1
2,69,1,0,1,0,0,3625,1
2,70,1,0,1,1,1713,3625,1
2,71,1,0,1,1,1585,3625,1
2,72,1,0,1,0,0,3625,1
2,73,1,0,1,0,0,3625,1
2,74,1,0,1,0,0,3625,1
2,75,1,0,1,1,753,3625,1
2,76,1,0,1,1,1073,3625,1
2,77,1,0,1,0,0,3625,1
2,78,1,0,1,0,0,3625,1
2,79,1,0,1,0,0,3625,1
2,80,1,0,1,1,1329,3625,1
2,81,1,0,1,1,1265,3625,1
2,82,1,0,1,0,0,3625,1
2,83,1,0,1,0,0,3625,1
2,84,1,0,1,0,0,3625,1
2,85,1,0,1,1,4,3625,1
2,86,1,0,1,1,1073,3625,1
2,87,1,0,1,0,0,3625,1
2,88,1,0,1,0,0,3625,1
2,89,1,0,1,0,0,3625,1
2,90,1,0,1,1,177,3625,1
2,91,1,0,1,1,1841,3625,1
2,92,1,0,1,0,0,3625,1
2,93,1,0,1,0,0,3625,1
2,94,1,0,1,0,0,3625,1
2,95,1,0,1,1,1457,3625,1
2,96,1,0,1,1,36,3625,1
2,97,1,0,1,0,0,3625,1
2,98,1,0,1,0,0,3625,1
2,99,1,0,1,0,0,3625,1
2,100,1,0,1,1,433,3625,1
2,101,1,0,1,1,1841,3625,1
2,102,1,0,1,0,0,3625,1
2,103,1,0,1,0,0,3625,1
2,104,1,0,1,0,0,3625,1
2,105,1,0,1,1,1521,3625,1
2,106,1,0,1,1,1713,3625,1
2,107,1,0,1,0,0,3625,1
2,108,1,0,1,0,0,3625,1
2,109,1,0,1,0,0,3625,1
2,110,1,0,1,1,1457,3625,1
2,111,1,0,1,1,1521,3625,1
2,112,1,0,1,0,0,3625,1
2,113,1,0,1,0,0,3625,1
2,114,1,0,1,0,0,3625,1
2,115,1,0,1,1,305,3625,1
2,116,1,0,1,1,14,3625,1
2,117,1,0,1,0,0,3625,1
2,118,1,0,1,0,0,3625,1
2,119,1,0,1,0,0,3625,1
2,120,1,0,1,1,1841,3625,1
2,121,1,0,1,1,14,3625,1
2,122,1,0,1,0,0,3625,1
2,123,1,0,1,0,0,3625,1
2,124,1,0,1,0,0,3625,1
2,125,1,0,1,1,1201,3625,1
2,126,1,0,1,1,1649,3625,1
2,127,1,0,1,0,0,3625,1
3,0,1,0,1,1,3719,14409,1
3,1,1,0,1,1,4871,14409,1
3,2,1,0,1,0,0,14409,1
3,3,1,0,1,0,0,14409,1
3,4,1,0,1,0,0,14409,1
3,5,1,0,1,1,3463,14409,1
3,6,1,0,1,1,4871,14409,1
3,7,1,0,1,0,0,14409,1
3,8,1,0,1,0,0,14409,1
3,9,1,0,1,0,0,14409,1
3,10,1,0,1,1,2183,14409,1
3,11,1,0,1,1,5255,14409,1
3,12,1,0,1,0,0,14409,1
3,13,1,0,1,0,0,14409,1
3,14,1,0,1,0,0,14409,1
3,15,1,0,1,1,529,14409,1
3,16,1,0,1,1,7175,14409,1
3,17,1,0,1,0,0,14409,1
3,18,1,0,1,0,0,14409,1
3,19,1,0,1,0,0,14409,1
3,20,1,0,1,1,5255,14409,1
3,21,1,0,1,1,1927,14409,1
3,22,1,0,1,0,0,14409,1
3,23,1,0,1,0,0,14409,1
3,24,1,0,1,0,0,14409,1
3,25,1,0,1,1,6919,14409,1
3,26,1,0,1,1,2183,14409,1
3,27,1,0,1,0,0,14409,1
3,28,1,0,1,0,0,14409,1
3,29,1,0,1,0,0,14409,1
3,30,1,0,1,1,176,14409,1
3,31,1,0,1,1,6663,14409,1
3,32,1,0,1,0,0,14409,1
3,33,1,0,1,0,0,14409,1
3,34,1,0,1,0,0,14409,1
3,35,1,0,1,1,3975,14409,1
3,36,1,0,1,1,5127,14409,1
3,37,1,0,1,0,0,14409,1
3,38,1,0,1,0,0,14409,1
3,39,1,0,1,0,0,14409,1
3,40,1,0,1,1,1415,14409,1
3,41,1,0,1,1,3463,14409,1
3,42,1,0,1,0,0,14409,1
3,43,1,0,1,0,0,14409,1
3,44,1,0,1,0,0,14409,1
3,45,1,0,1,1,7431,14409,1
3,46,1,0,1,1,36,14409,1
3,47,1,0,1,0,0,14409,1
3,48,1,0,1,0,0,14409,1
3,49,1,0,1,0,0,14409,1
3,50,1,0,1,1,1415,14409,1
3,51,1,0,1,1,647,14409,1
3,52,1,0,1,0,0,14409,1
3,53,1,0,1,0,0,14409,1
3,54,1,0,1,0,0,14409,1
3,55,1,0,1,1,3335,14409,1
3,56,1,0,1,1,1799,14409,1
3,57,1,0,1,0,0,14409,1
3,58,1,0,1,0,0,14409,1
3,59,1,0,1,0,0,14409,1
3,60,1,0,1,1,1415,14409,1
3,61,1,0,1,1,2951,14409,1
3,62,1,0,1,0,0,14409,1
3,63,1,0,1,0,0,14409,1
3,64,1,0,1,0,0,14409,1
3,65,1,0,1,1,5895,14409,1
3,66,1,0,1,1,14,14409,1
3,67,1,0,1,0,0,14409,1
3,68,1,0,1,0,0,14409,1
3,69,1,0,1,0,0,14409,1
3,70,1,0,1,1,6407,14409,1
3,71,1,0,1,1,4231,14409,1
3,72,1,0,1,0,0,14409,1
3,73,1,0,1,0,0,14409,1
3,74,1,0,1,0,0,14409,1
3,75,1,0,1,1,2055,14409,1
3,76,1,0,1,1,3847,14409,1
3,77,1,0,1,0,0,14409,1
3,78,1,0,1,0,0,14409,1
3,79,1,0,1,0,0,14409,1
3,80,1,0,1,1,6919,14409,1
3,81,1,0,1,1,4615,14409,1
3,82,1,0,1,0,0,14409,1
3,83,1,0,1,0,0,14409,1
3,84,1,0,1,0,0,14409,1
3,85,1,0,1,1,2,14409,1
3,86,1,0,1,1,246,14409,1
3,87,1,0,1,0,0,14409,1
3,88,1,0,1,0,0,14409,1
3,89,1,0,1,0,0,14409,1
3,90,1,0,1,1,646,14409,1
3,91,1,0,1,1,2567,14409,1
3,92,1,0,1,0,0,14409,1
3,93,1,0,1,0,0,14409,1
3,94,1,0,1,0,0,14409,1
3,95,1,0,1,1,1927,14409,1
3,96,1,0,1,1,2695,14409,1
3,97,1,0,1,0,0,14409,1
3,98,1,0,1,0,0,14409,1
3,99,1,0,1,0,0,14409,1
3,100,1,0,1,1,6663,14409,1
3,101,1,0,1,1,3079,14409,1
3,102,1,0,1,0,0,14409,1
3,103,1,0,1,0,0,14409,1
3,104,1,0,1,0,0,14409,1
3,105,1,0,1,1,4871,14409,1
3,106,1,0,1,1,903,14409,1
3,107,1,0,1,0,0,14409,1
3,108,1,0,1,0,0,14409,1
3,109,1,0,1,0,0,14409,1
3,110,1,0,1,1,4743,14409,1
3,111,1,0,1,1,175,14409,1
3,112,1,0,1,0,0,14409,1
3,113,1,0,1,0,0,14409,1
3,114,1,0,1,0,0,14409,1
3,115,1,0,1,1,775,14409,1
3,116,1,0,1,1,528,14409,1
3,117,1,0,1,0,0,14409,1
3,118,1,0,1,0,0,14409,1
3,119,1,0,1,0,0,14409,1
3,120,1,0,1,1,5767,14409,1
3,121,1,0,1,1,6663,14409,1
3,122,1,0,1,0,0,14409,1
3,123,1,0,1,0,0,14409,1
3,124,1,0,1,0,0,14409,1
3,125,1,0,1,1,2,14409,1
3,126,1,0,1,1,6791,14409,1
3,127,1,0,1,0,0,14409,1
4,0,1,0,1,1,19230,36937,1
4,1,1,0,1,1,13950,36937,1
4,2,1,0,1,0,0,36937,1
4,3,1,0,1,0,0,36937,1
4,4,1,0,1,0,0,36937,1
4,5,1,0,1,1,2430,36937,1
4,6,1,0,1,1,8510,36937,1
4,7,1,0,1,0,0,36937,1
4,8,1,0,1,0,0,36937,1
4,9,1,0,1,0,0,36937,1
4,10,1,0,1,1,1630,36937,1
4,11,1,0,1,1,6270,36937,1
4,12,1,0,1,0,0,36937,1
4,13,1,0,1,0,0,36937,1
4,14,1,0,1,0,0,36937,1
4,15,1,0,1,1,1790,36937,1
4,16,1,0,1,1,9790,36937,1
4,17,1,0,1,0,0,36937,1
4,18,1,0,1,0,0,36937,1
4,19,1,0,1,0,0,36937,1
4,20,1,0,1,1,8990,36937,1
4,21,1,0,1,1,11390,36937,1
4,22,1,0,1,0,0,36937,1
4,23,1,0,1,0,0,36937,1
4,24,1,0,1,0,0,36937,1
4,25,1,0,1,1,18430,36937,1
4,26,1,0,1,1,16350,36937,1
4,27,1,0,1,0,0,36937,1
4,28,1,0,1,0,0,36937,1
4,29,1,0,1,0,0,36937,1
4,30,1,0,1,1,518,36937,1
4,31,1,0,1,1,6590,36937,1
4,32,1,0,1,0,0,36937,1
4,33,1,0,1,0,0,36937,1
4,34,1,0,1,0,0,36937,1
4,35,1,0,1,1,9310,36937,1
4,36,1,0,1,1,830,36937,1
4,37,1,0,1,0,0,36937,1
4,38,1,0,1,0,0,36937,1
4,39,1,0,1,0,0,36937,1
4,40,1,0,1,1,17,36937,1
4,41,1,0,1,1,990,36937,1
4,42,1,0,1,0,0,36937,1
4,43,1,0,1,0,0,36937,1
4,44,1,0,1,0,0,36937,1
4,45,1,0,1,1,2110,36937,1
4,46,1,0,1,1,1630,36937,1
4,47,1,0,1,0,0,36937,1
