source_mask,target_mask,edit_distance,source_unsat,target_unsat,fragments,accepted,entailed,false_accepts,conservative_rejections,stale_unsat_false_accept,reused_unsat
0,0,0,0,0,0,0,0,0,0,0,0
0,1,1,0,0,0,0,0,0,0,0,0
0,2,1,0,0,0,0,0,0,0,0,0
0,4,1,0,0,0,0,0,0,0,0,0
0,8,1,0,0,0,0,0,0,0,0,0
0,16,1,0,1,0,0,0,0,0,0,0
0,32,1,0,0,0,0,0,0,0,0,0
0,64,1,0,0,0,0,0,0,0,0,0
0,128,1,0,0,0,0,0,0,0,0,0
0,256,1,0,0,0,0,0,0,0,0,0
0,3,2,0,0,0,0,0,0,0,0,0
0,5,2,0,0,0,0,0,0,0,0,0
0,9,2,0,0,0,0,0,0,0,0,0
0,17,2,0,1,0,0,0,0,0,0,0
0,33,2,0,0,0,0,0,0,0,0,0
0,65,2,0,0,0,0,0,0,0,0,0
0,129,2,0,0,0,0,0,0,0,0,0
0,257,2,0,0,0,0,0,0,0,0,0
0,6,2,0,0,0,0,0,0,0,0,0
0,10,2,0,0,0,0,0,0,0,0,0
0,18,2,0,1,0,0,0,0,0,0,0
0,34,2,0,0,0,0,0,0,0,0,0
0,66,2,0,0,0,0,0,0,0,0,0
0,130,2,0,1,0,0,0,0,0,0,0
0,258,2,0,0,0,0,0,0,0,0,0
0,12,2,0,0,0,0,0,0,0,0,0
0,20,2,0,1,0,0,0,0,0,0,0
0,36,2,0,0,0,0,0,0,0,0,0
0,68,2,0,0,0,0,0,0,0,0,0
0,132,2,0,0,0,0,0,0,0,0,0
0,260,2,0,0,0,0,0,0,0,0,0
0,24,2,0,1,0,0,0,0,0,0,0
0,40,2,0,1,0,0,0,0,0,0,0
0,72,2,0,0,0,0,0,0,0,0,0
0,136,2,0,0,0,0,0,0,0,0,0
0,264,2,0,0,0,0,0,0,0,0,0
0,48,2,0,1,0,0,0,0,0,0,0
0,80,2,0,1,0,0,0,0,0,0,0
0,144,2,0,1,0,0,0,0,0,0,0
0,272,2,0,1,0,0,0,0,0,0,0
0,96,2,0,0,0,0,0,0,0,0,0
0,160,2,0,0,0,0,0,0,0,0,0
0,288,2,0,0,0,0,0,0,0,0,0
0,192,2,0,0,0,0,0,0,0,0,0
0,320,2,0,0,0,0,0,0,0,0,0
0,384,2,0,0,0,0,0,0,0,0,0
1,1,0,0,0,0,0,0,0,0,0,0
1,0,1,0,0,0,0,0,0,0,0,0
1,3,1,0,0,0,0,0,0,0,0,0
1,5,1,0,0,0,0,0,0,0,0,0
1,9,1,0,0,0,0,0,0,0,0,0
1,17,1,0,1,0,0,0,0,0,0,0
1,33,1,0,0,0,0,0,0,0,0,0
1,65,1,0,0,0,0,0,0,0,0,0
1,129,1,0,0,0,0,0,0,0,0,0
1,257,1,0,0,0,0,0,0,0,0,0
1,2,2,0,0,0,0,0,0,0,0,0
1,4,2,0,0,0,0,0,0,0,0,0
1,8,2,0,0,0,0,0,0,0,0,0
1,16,2,0,1,0,0,0,0,0,0,0
1,32,2,0,0,0,0,0,0,0,0,0
1,64,2,0,0,0,0,0,0,0,0,0
1,128,2,0,0,0,0,0,0,0,0,0
1,256,2,0,0,0,0,0,0,0,0,0
1,7,2,0,0,0,0,0,0,0,0,0
1,11,2,0,0,0,0,0,0,0,0,0
1,19,2,0,1,0,0,0,0,0,0,0
1,35,2,0,0,0,0,0,0,0,0,0
1,67,2,0,0,0,0,0,0,0,0,0
1,131,2,0,1,0,0,0,0,0,0,0
1,259,2,0,0,0,0,0,0,0,0,0
1,13,2,0,0,0,0,0,0,0,0,0
1,21,2,0,1,0,0,0,0,0,0,0
1,37,2,0,0,0,0,0,0,0,0,0
1,69,2,0,0,0,0,0,0,0,0,0
1,133,2,0,1,0,0,0,0,0,0,0
1,261,2,0,0,0,0,0,0,0,0,0
1,25,2,0,1,0,0,0,0,0,0,0
1,41,2,0,1,0,0,0,0,0,0,0
1,73,2,0,0,0,0,0,0,0,0,0
1,137,2,0,0,0,0,0,0,0,0,0
1,265,2,0,0,0,0,0,0,0,0,0
1,49,2,0,1,0,0,0,0,0,0,0
1,81,2,0,1,0,0,0,0,0,0,0
1,145,2,0,1,0,0,0,0,0,0,0
1,273,2,0,1,0,0,0,0,0,0,0
1,97,2,0,1,0,0,0,0,0,0,0
1,161,2,0,1,0,0,0,0,0,0,0
1,289,2,0,0,0,0,0,0,0,0,0
1,193,2,0,0,0,0,0,0,0,0,0
1,321,2,0,0,0,0,0,0,0,0,0
1,385,2,0,0,0,0,0,0,0,0,0
2,2,0,0,0,0,0,0,0,0,0,0
2,3,1,0,0,0,0,0,0,0,0,0
2,0,1,0,0,0,0,0,0,0,0,0
2,6,1,0,0,0,0,0,0,0,0,0
2,10,1,0,0,0,0,0,0,0,0,0
2,18,1,0,1,0,0,0,0,0,0,0
2,34,1,0,0,0,0,0,0,0,0,0
2,66,1,0,0,0,0,0,0,0,0,0
2,130,1,0,1,0,0,0,0,0,0,0
2,258,1,0,0,0,0,0,0,0,0,0
2,1,2,0,0,0,0,0,0,0,0,0
2,7,2,0,0,0,0,0,0,0,0,0
2,11,2,0,0,0,0,0,0,0,0,0
2,19,2,0,1,0,0,0,0,0,0,0
2,35,2,0,0,0,0,0,0,0,0,0
2,67,2,0,0,0,0,0,0,0,0,0
2,131,2,0,1,0,0,0,0,0,0,0
2,259,2,0,0,0,0,0,0,0,0,0
2,4,2,0,0,0,0,0,0,0,0,0
2,8,2,0,0,0,0,0,0,0,0,0
2,16,2,0,1,0,0,0,0,0,0,0
2,32,2,0,0,0,0,0,0,0,0,0
2,64,2,0,0,0,0,0,0,0,0,0
2,128,2,0,0,0,0,0,0,0,0,0
2,256,2,0,0,0,0,0,0,0,0,0
2,14,2,0,0,0,0,0,0,0,0,0
2,22,2,0,1,0,0,0,0,0,0,0
2,38,2,0,0,0,0,0,0,0,0,0
2,70,2,0,0,0,0,0,0,0,0,0
2,134,2,0,1,0,0,0,0,0,0,0
2,262,2,0,0,0,0,0,0,0,0,0
2,26,2,0,1,0,0,0,0,0,0,0
2,42,2,0,1,0,0,0,0,0,0,0
2,74,2,0,0,0,0,0,0,0,0,0
2,138,2,0,1,0,0,0,0,0,0,0
2,266,2,0,1,0,0,0,0,0,0,0
2,50,2,0,1,0,0,0,0,0,0,0
2,82,2,0,1,0,0,0,0,0,0,0
2,146,2,0,1,0,0,0,0,0,0,0
2,274,2,0,1,0,0,0,0,0,0,0
2,98,2,0,1,0,0,0,0,0,0,0
2,162,2,0,1,0,0,0,0,0,0,0
2,290,2,0,0,0,0,0,0,0,0,0
2,194,2,0,1,0,0,0,0,0,0,0
2,322,2,0,1,0,0,0,0,0,0,0
2,386,2,0,1,0,0,0,0,0,0,0
3,3,0,0,0,0,0,0,0,0,0,0
3,2,1,0,0,0,0,0,0,0,0,0
3,1,1,0,0,0,0,0,0,0,0,0
3,7,1,0,0,0,0,0,0,0,0,0
3,11,1,0,0,0,0,0,0,0,0,0
3,19,1,0,1,0,0,0,0,0,0,0
3,35,1,0,0,0,0,0,0,0,0,0
3,67,1,0,0,0,0,0,0,0,0,0
3,131,1,0,1,0,0,0,0,0,0,0
3,259,1,0,0,0,0,0,0,0,0,0
3,0,2,0,0,0,0,0,0,0,0,0
3,6,2,0,0,0,0,0,0,0,0,0
3,10,2,0,0,0,0,0,0,0,0,0
3,18,2,0,1,0,0,0,0,0,0,0
3,34,2,0,0,0,0,0,0,0,0,0
3,66,2,0,0,0,0,0,0,0,0,0
3,130,2,0,1,0,0,0,0,0,0,0
3,258,2,0,0,0,0,0,0,0,0,0
3,5,2,0,0,0,0,0,0,0,0,0
3,9,2,0,0,0,0,0,0,0,0,0
3,17,2,0,1,0,0,0,0,0,0,0
3,33,2,0,0,0,0,0,0,0,0,0
3,65,2,0,0,0,0,0,0,0,0,0
3,129,2,0,0,0,0,0,0,0,0,0
3,257,2,0,0,0,0,0,0,0,0,0
3,15,2,0,0,0,0,0,0,0,0,0
3,23,2,0,1,0,0,0,0,0,0,0
3,39,2,0,0,0,0,0,0,0,0,0
3,71,2,0,0,0,0,0,0,0,0,0
3,135,2,0,1,0,0,0,0,0,0,0
3,263,2,0,0,0,0,0,0,0,0,0
3,27,2,0,1,0,0,0,0,0,0,0
3,43,2,0,1,0,0,0,0,0,0,0
3,75,2,0,0,0,0,0,0,0,0,0
3,139,2,0,1,0,0,0,0,0,0,0
3,267,2,0,1,0,0,0,0,0,0,0
3,51,2,0,1,0,0,0,0,0,0,0
3,83,2,0,1,0,0,0,0,0,0,0
3,147,2,0,1,0,0,0,0,0,0,0
3,275,2,0,1,0,0,0,0,0,0,0
3,99,2,0,1,0,0,0,0,0,0,0
3,163,2,0,1,0,0,0,0,0,0,0
3,291,2,0,0,0,0,0,0,0,0,0
3,195,2,0,1,0,0,0,0,0,0,0
3,323,2,0,1,0,0,0,0,0,0,0
3,387,2,0,1,0,0,0,0,0,0,0
4,4,0,0,0,0,0,0,0,0,0,0
4,5,1,0,0,0,0,0,0,0,0,0
4,6,1,0,0,0,0,0,0,0,0,0
4,0,1,0,0,0,0,0,0,0,0,0
4,12,1,0,0,0,0,0,0,0,0,0
4,20,1,0,1,0,0,0,0,0,0,0
4,36,1,0,0,0,0,0,0,0,0,0
4,68,1,0,0,0,0,0,0,0,0,0
4,132,1,0,0,0,0,0,0,0,0,0
4,260,1,0,0,0,0,0,0,0,0,0
4,7,2,0,0,0,0,0,0,0,0,0
4,1,2,0,0,0,0,0,0,0,0,0
4,13,2,0,0,0,0,0,0,0,0,0
4,21,2,0,1,0,0,0,0,0,0,0
4,37,2,0,0,0,0,0,0,0,0,0
4,69,2,0,0,0,0,0,0,0,0,0
4,133,2,0,1,0,0,0,0,0,0,0
4,261,2,0,0,0,0,0,0,0,0,0
4,2,2,0,0,0,0,0,0,0,0,0
4,14,2,0,0,0,0,0,0,0,0,0
4,22,2,0,1,0,0,0,0,0,0,0
4,38,2,0,0,0,0,0,0,0,0,0
4,70,2,0,0,0,0,0,0,0,0,0
4,134,2,0,1,0,0,0,0,0,0,0
4,262,2,0,0,0,0,0,0,0,0,0
4,8,2,0,0,0,0,0,0,0,0,0
4,16,2,0,1,0,0,0,0,0,0,0
4,32,2,0,0,0,0,0,0,0,0,0
4,64,2,0,0,0,0,0,0,0,0,0
4,128,2,0,0,0,0,0,0,0,0,0
4,256,2,0,0,0,0,0,0,0,0,0
4,28,2,0,1,0,0,0,0,0,0,0
4,44,2,0,1,0,0,0,0,0,0,0
4,76,2,0,0,0,0,0,0,0,0,0
4,140,2,0,1,0,0,0,0,0,0,0
4,268,2,0,1,0,0,0,0,0,0,0
4,52,2,0,1,0,0,0,0,0,0,0
4,84,2,0,1,0,0,0,0,0,0,0
4,148,2,0,1,0,0,0,0,0,0,0
4,276,2,0,1,0,0,0,0,0,0,0
4,100,2,0,0,0,0,0,0,0,0,0
4,164,2,0,0,0,0,0,0,0,0,0
4,292,2,0,0,0,0,0,0,0,0,0
4,196,2,0,0,0,0,0,0,0,0,0
4,324,2,0,0,0,0,0,0,0,0,0
4,388,2,0,0,0,0,0,0,0,0,0
5,5,0,0,0,1,1,1,0,0,0,0
5,4,1,0,0,1,0,0,0,0,0,0
5,7,1,0,0,1,1,1,0,0,0,0
5,1,1,0,0,1,0,0,0,0,0,0
5,13,1,0,0,1,1,1,0,0,0,0
5,21,1,0,1,1,1,1,0,0,0,0
5,37,1,0,0,1,1,1,0,0,0,0
5,69,1,0,0,1,1,1,0,0,0,0
5,133,1,0,1,1,1,1,0,0,0,0
5,261,1,0,0,1,1,1,0,0,0,0
5,6,2,0,0,1,0,1,0,1,0,0
5,0,2,0,0,1,0,0,0,0,0,0
5,12,2,0,0,1,0,1,0,1,0,0
5,20,2,0,1,1,0,1,0,1,0,0
5,36,2,0,0,1,0,0,0,0,0,0
5,68,2,0,0,1,0,0,0,0,0,0
5,132,2,0,0,1,0,0,0,0,0,0
5,260,2,0,0,1,0,0,0,0,0,0
5,3,2,0,0,1,0,1,0,1,0,0
5,15,2,0,0,1,1,1,0,0,0,0
5,23,2,0,1,1,1,1,0,0,0,0
5,39,2,0,0,1,1,1,0,0,0,0
5,71,2,0,0,1,1,1,0,0,0,0
5,135,2,0,1,1,1,1,0,0,0,0
5,263,2,0,0,1,1,1,0,0,0,0
5,9,2,0,0,1,0,0,0,0,0,0
5,17,2,0,1,1,0,1,0,1,0,0
5,33,2,0,0,1,0,1,0,1,0,0
5,65,2,0,0,1,0,0,0,0,0,0
5,129,2,0,0,1,0,0,0,0,0,0
5,257,2,0,0,1,0,0,0,0,0,0
5,29,2,0,1,1,1,1,0,0,0,0
5,45,2,0,1,1,1,1,0,0,0,0
5,77,2,0,0,1,1,1,0,0,0,0
5,141,2,0,1,1,1,1,0,0,0,0
5,269,2,0,1,1,1,1,0,0,0,0
5,53,2,0,1,1,1,1,0,0,0,0
5,85,2,0,1,1,1,1,0,0,0,0
5,149,2,0,1,1,1,1,0,0,0,0
5,277,2,0,1,1,1,1,0,0,0,0
5,101,2,0,1,1,1,1,0,0,0,0
5,165,2,0,1,1,1,1,0,0,0,0
5,293,2,0,0,1,1,1,0,0,0,0
5,197,2,0,1,1,1,1,0,0,0,0
5,325,2,0,1,1,1,1,0,0,0,0
5,389,2,0,1,1,1,1,0,0,0,0
6,6,0,0,0,0,0,0,0,0,0,0
6,7,1,0,0,0,0,0,0,0,0,0
6,4,1,0,0,0,0,0,0,0,0,0
6,2,1,0,0,0,0,0,0,0,0,0
6,14,1,0,0,0,0,0,0,0,0,0
6,22,1,0,1,0,0,0,0,0,0,0
6,38,1,0,0,0,0,0,0,0,0,0
6,70,1,0,0,0,0,0,0,0,0,0
6,134,1,0,1,0,0,0,0,0,0,0
6,262,1,0,0,0,0,0,0,0,0,0
6,5,2,0,0,0,0,0,0,0,0,0
6,3,2,0,0,0,0,0,0,0,0,0
6,15,2,0,0,0,0,0,0,0,0,0
6,23,2,0,1,0,0,0,0,0,0,0
6,39,2,0,0,0,0,0,0,0,0,0
6,71,2,0,0,0,0,0,0,0,0,0
6,135,2,0,1,0,0,0,0,0,0,0
6,263,2,0,0,0,0,0,0,0,0,0
6,0,2,0,0,0,0,0,0,0,0,0
6,12,2,0,0,0,0,0,0,0,0,0
6,20,2,0,1,0,0,0,0,0,0,0
6,36,2,0,0,0,0,0,0,0,0,0
6,68,2,0,0,0,0,0,0,0,0,0
6,132,2,0,0,0,0,0,0,0,0,0
6,260,2,0,0,0,0,0,0,0,0,0
6,10,2,0,0,0,0,0,0,0,0,0
6,18,2,0,1,0,0,0,0,0,0,0
6,34,2,0,0,0,0,0,0,0,0,0
6,66,2,0,0,0,0,0,0,0,0,0
6,130,2,0,1,0,0,0,0,0,0,0
6,258,2,0,0,0,0,0,0,0,0,0
6,30,2,0,1,0,0,0,0,0,0,0
6,46,2,0,1,0,0,0,0,0,0,0
6,78,2,0,0,0,0,0,0,0,0,0
6,142,2,0,1,0,0,0,0,0,0,0
6,270,2,0,1,0,0,0,0,0,0,0
6,54,2,0,1,0,0,0,0,0,0,0
6,86,2,0,1,0,0,0,0,0,0,0
6,150,2,0,1,0,0,0,0,0,0,0
6,278,2,0,1,0,0,0,0,0,0,0
6,102,2,0,1,0,0,0,0,0,0,0
6,166,2,0,1,0,0,0,0,0,0,0
6,294,2,0,0,0,0,0,0,0,0,0
6,198,2,0,1,0,0,0,0,0,0,0
6,326,2,0,1,0,0,0,0,0,0,0
6,390,2,0,1,0,0,0,0,0,0,0
7,7,0,0,0,0,0,0,0,0,0,0
7,6,1,0,0,0,0,0,0,0,0,0
7,5,1,0,0,0,0,0,0,0,0,0
7,3,1,0,0,0,0,0,0,0,0,0
7,15,1,0,0,0,0,0,0,0,0,0
7,23,1,0,1,0,0,0,0,0,0,0
7,39,1,0,0,0,0,0,0,0,0,0
7,71,1,0,0,0,0,0,0,0,0,0
7,135,1,0,1,0,0,0,0,0,0,0
7,263,1,0,0,0,0,0,0,0,0,0
7,4,2,0,0,0,0,0,0,0,0,0
7,2,2,0,0,0,0,0,0,0,0,0
7,14,2,0,0,0,0,0,0,0,0,0
7,22,2,0,1,0,0,0,0,0,0,0
7,38,2,0,0,0,0,0,0,0,0,0
7,70,2,0,0,0,0,0,0,0,0,0
7,134,2,0,1,0,0,0,0,0,0,0
7,262,2,0,0,0,0,0,0,0,0,0
7,1,2,0,0,0,0,0,0,0,0,0
7,13,2,0,0,0,0,0,0,0,0,0
7,21,2,0,1,0,0,0,0,0,0,0
7,37,2,0,0,0,0,0,0,0,0,0
7,69,2,0,0,0,0,0,0,0,0,0
7,133,2,0,1,0,0,0,0,0,0,0
7,261,2,0,0,0,0,0,0,0,0,0
7,11,2,0,0,0,0,0,0,0,0,0
7,19,2,0,1,0,0,0,0,0,0,0
7,35,2,0,0,0,0,0,0,0,0,0
7,67,2,0,0,0,0,0,0,0,0,0
7,131,2,0,1,0,0,0,0,0,0,0
7,259,2,0,0,0,0,0,0,0,0,0
7,31,2,0,1,0,0,0,0,0,0,0
7,47,2,0,1,0,0,0,0,0,0,0
7,79,2,0,0,0,0,0,0,0,0,0
7,143,2,0,1,0,0,0,0,0,0,0
7,271,2,0,1,0,0,0,0,0,0,0
7,55,2,0,1,0,0,0,0,0,0,0
7,87,2,0,1,0,0,0,0,0,0,0
7,151,2,0,1,0,0,0,0,0,0,0
7,279,2,0,1,0,0,0,0,0,0,0
7,103,2,0,1,0,0,0,0,0,0,0
7,167,2,0,1,0,0,0,0,0,0,0
7,295,2,0,0,0,0,0,0,0,0,0
7,199,2,0,1,0,0,0,0,0,0,0
7,327,2,0,1,0,0,0,0,0,0,0
7,391,2,0,1,0,0,0,0,0,0,0
8,8,0,0,0,0,0,0,0,0,0,0
8,9,1,0,0,0,0,0,0,0,0,0
8,10,1,0,0,0,0,0,0,0,0,0
8,12,1,0,0,0,0,0,0,0,0,0
8,0,1,0,0,0,0,0,0,0,0,0
8,24,1,0,1,0,0,0,0,0,0,0
8,40,1,0,1,0,0,0,0,0,0,0
8,72,1,0,0,0,0,0,0,0,0,0
8,136,1,0,0,0,0,0,0,0,0,0
8,264,1,0,0,0,0,0,0,0,0,0
8,11,2,0,0,0,0,0,0,0,0,0
8,13,2,0,0,0,0,0,0,0,0,0
8,1,2,0,0,0,0,0,0,0,0,0
8,25,2,0,1,0,0,0,0,0,0,0
8,41,2,0,1,0,0,0,0,0,0,0
8,73,2,0,0,0,0,0,0,0,0,0
8,137,2,0,0,0,0,0,0,0,0,0
8,265,2,0,0,0,0,0,0,0,0,0
8,14,2,0,0,0,0,0,0,0,0,0
8,2,2,0,0,0,0,0,0,0,0,0
8,26,2,0,1,0,0,0,0,0,0,0
8,42,2,0,1,0,0,0,0,0,0,0
8,74,2,0,0,0,0,0,0,0,0,0
8,138,2,0,1,0,0,0,0,0,0,0
8,266,2,0,1,0,0,0,0,0,0,0
8,4,2,0,0,0,0,0,0,0,0,0
8,28,2,0,1,0,0,0,0,0,0,0
8,44,2,0,1,0,0,0,0,0,0,0
8,76,2,0,0,0,0,0,0,0,0,0
8,140,2,0,1,0,0,0,0,0,0,0
8,268,2,0,1,0,0,0,0,0,0,0
8,16,2,0,1,0,0,0,0,0,0,0
8,32,2,0,0,0,0,0,0,0,0,0
8,64,2,0,0,0,0,0,0,0,0,0
8,128,2,0,0,0,0,0,0,0,0,0
8,256,2,0,0,0,0,0,0,0,0,0
8,56,2,0,1,0,0,0,0,0,0,0
8,88,2,0,1,0,0,0,0,0,0,0
8,152,2,0,1,0,0,0,0,0,0,0
8,280,2,0,1,0,0,0,0,0,0,0
8,104,2,0,1,0,0,0,0,0,0,0
8,168,2,0,1,0,0,0,0,0,0,0
8,296,2,0,1,0,0,0,0,0,0,0
8,200,2,0,0,0,0,0,0,0,0,0
8,328,2,0,0,0,0,0,0,0,0,0
8,392,2,0,0,0,0,0,0,0,0,0
9,9,0,0,0,0,0,0,0,0,0,0
9,8,1,0,0,0,0,0,0,0,0,0
9,11,1,0,0,0,0,0,0,0,0,0
9,13,1,0,0,0,0,0,0,0,0,0
9,1,1,0,0,0,0,0,0,0,0,0
9,25,1,0,1,0,0,0,0,0,0,0
9,41,1,0,1,0,0,0,0,0,0,0
9,73,1,0,0,0,0,0,0,0,0,0
9,137,1,0,0,0,0,0,0,0,0,0
9,265,1,0,0,0,0,0,0,0,0,0
9,10,2,0,0,0,0,0,0,0,0,0
9,12,2,0,0,0,0,0,0,0,0,0
9,0,2,0,0,0,0,0,0,0,0,0
9,24,2,0,1,0,0,0,0,0,0,0
9,40,2,0,1,0,0,0,0,0,0,0
9,72,2,0,0,0,0,0,0,0,0,0
9,136,2,0,0,0,0,0,0,0,0,0
9,264,2,0,0,0,0,0,0,0,0,0
9,15,2,0,0,0,0,0,0,0,0,0
9,3,2,0,0,0,0,0,0,0,0,0
9,27,2,0,1,0,0,0,0,0,0,0
9,43,2,0,1,0,0,0,0,0,0,0
9,75,2,0,0,0,0,0,0,0,0,0
9,139,2,0,1,0,0,0,0,0,0,0
9,267,2,0,1,0,0,0,0,0,0,0
9,5,2,0,0,0,0,0,0,0,0,0
9,29,2,0,1,0,0,0,0,0,0,0
9,45,2,0,1,0,0,0,0,0,0,0
9,77,2,0,0,0,0,0,0,0,0,0
9,141,2,0,1,0,0,0,0,0,0,0
9,269,2,0,1,0,0,0,0,0,0,0
9,17,2,0,1,0,0,0,0,0,0,0
9,33,2,0,0,0,0,0,0,0,0,0
9,65,2,0,0,0,0,0,0,0,0,0
9,129,2,0,0,0,0,0,0,0,0,0
9,257,2,0,0,0,0,0,0,0,0,0
9,57,2,0,1,0,0,0,0,0,0,0
9,89,2,0,1,0,0,0,0,0,0,0
9,153,2,0,1,0,0,0,0,0,0,0
9,281,2,0,1,0,0,0,0,0,0,0
9,105,2,0,1,0,0,0,0,0,0,0
9,169,2,0,1,0,0,0,0,0,0,0
9,297,2,0,1,0,0,0,0,0,0,0
9,201,2,0,0,0,0,0,0,0,0,0
9,329,2,0,0,0,0,0,0,0,0,0
9,393,2,0,0,0,0,0,0,0,0,0
10,10,0,0,0,0,0,0,0,0,0,0
10,11,1,0,0,0,0,0,0,0,0,0
10,8,1,0,0,0,0,0,0,0,0,0
10,14,1,0,0,0,0,0,0,0,0,0
10,2,1,0,0,0,0,0,0,0,0,0
10,26,1,0,1,0,0,0,0,0,0,0
10,42,1,0,1,0,0,0,0,0,0,0
10,74,1,0,0,0,0,0,0,0,0,0
10,138,1,0,1,0,0,0,0,0,0,0
10,266,1,0,1,0,0,0,0,0,0,0
10,9,2,0,0,0,0,0,0,0,0,0
10,15,2,0,0,0,0,0,0,0,0,0
10,3,2,0,0,0,0,0,0,0,0,0
10,27,2,0,1,0,0,0,0,0,0,0
10,43,2,0,1,0,0,0,0,0,0,0
10,75,2,0,0,0,0,0,0,0,0,0
10,139,2,0,1,0,0,0,0,0,0,0
10,267,2,0,1,0,0,0,0,0,0,0
10,12,2,0,0,0,0,0,0,0,0,0
10,0,2,0,0,0,0,0,0,0,0,0
10,24,2,0,1,0,0,0,0,0,0,0
10,40,2,0,1,0,0,0,0,0,0,0
10,72,2,0,0,0,0,0,0,0,0,0
10,136,2,0,0,0,0,0,0,0,0,0
10,264,2,0,0,0,0,0,0,0,0,0
10,6,2,0,0,0,0,0,0,0,0,0
10,30,2,0,1,0,0,0,0,0,0,0
10,46,2,0,1,0,0,0,0,0,0,0
10,78,2,0,0,0,0,0,0,0,0,0
10,142,2,0,1,0,0,0,0,0,0,0
10,270,2,0,1,0,0,0,0,0,0,0
10,18,2,0,1,0,0,0,0,0,0,0
10,34,2,0,0,0,0,0,0,0,0,0
10,66,2,0,0,0,0,0,0,0,0,0
10,130,2,0,1,0,0,0,0,0,0,0
10,258,2,0,0,0,0,0,0,0,0,0
10,58,2,0,1,0,0,0,0,0,0,0
10,90,2,0,1,0,0,0,0,0,0,0
10,154,2,0,1,0,0,0,0,0,0,0
10,282,2,0,1,0,0,0,0,0,0,0
10,106,2,0,1,0,0,0,0,0,0,0
10,170,2,0,1,0,0,0,0,0,0,0
10,298,2,0,1,0,0,0,0,0,0,0
10,202,2,0,1,0,0,0,0,0,0,0
10,330,2,0,1,0,0,0,0,0,0,0
10,394,2,0,1,0,0,0,0,0,0,0
11,11,0,0,0,0,0,0,0,0,0,0
11,10,1,0,0,0,0,0,0,0,0,0
11,9,1,0,0,0,0,0,0,0,0,0
11,15,1,0,0,0,0,0,0,0,0,0
11,3,1,0,0,0,0,0,0,0,0,0
11,27,1,0,1,0,0,0,0,0,0,0
11,43,1,0,1,0,0,0,0,0,0,0
11,75,1,0,0,0,0,0,0,0,0,0
11,139,1,0,1,0,0,0,0,0,0,0
11,267,1,0,1,0,0,0,0,0,0,0
11,8,2,0,0,0,0,0,0,0,0,0
11,14,2,0,0,0,0,0,0,0,0,0
11,2,2,0,0,0,0,0,0,0,0,0
11,26,2,0,1,0,0,0,0,0,0,0
11,42,2,0,1,0,0,0,0,0,0,0
11,74,2,0,0,0,0,0,0,0,0,0
11,138,2,0,1,0,0,0,0,0,0,0
11,266,2,0,1,0,0,0,0,0,0,0
11,13,2,0,0,0,0,0,0,0,0,0
11,1,2,0,0,0,0,0,0,0,0,0
11,25,2,0,1,0,0,0,0,0,0,0
11,41,2,0,1,0,0,0,0,0,0,0
11,73,2,0,0,0,0,0,0,0,0,0
11,137,2,0,0,0,0,0,0,0,0,0
11,265,2,0,0,0,0,0,0,0,0,0
11,7,2,0,0,0,0,0,0,0,0,0
11,31,2,0,1,0,0,0,0,0,0,0
11,47,2,0,1,0,0,0,0,0,0,0
11,79,2,0,0,0,0,0,0,0,0,0
11,143,2,0,1,0,0,0,0,0,0,0
11,271,2,0,1,0,0,0,0,0,0,0
11,19,2,0,1,0,0,0,0,0,0,0
11,35,2,0,0,0,0,0,0,0,0,0
11,67,2,0,0,0,0,0,0,0,0,0
11,131,2,0,1,0,0,0,0,0,0,0
11,259,2,0,0,0,0,0,0,0,0,0
11,59,2,0,1,0,0,0,0,0,0,0
11,91,2,0,1,0,0,0,0,0,0,0
11,155,2,0,1,0,0,0,0,0,0,0
11,283,2,0,1,0,0,0,0,0,0,0
11,107,2,0,1,0,0,0,0,0,0,0
11,171,2,0,1,0,0,0,0,0,0,0
11,299,2,0,1,0,0,0,0,0,0,0
11,203,2,0,1,0,0,0,0,0,0,0
11,331,2,0,1,0,0,0,0,0,0,0
11,395,2,0,1,0,0,0,0,0,0,0
12,12,0,0,0,1,1,1,0,0,0,0
12,13,1,0,0,1,1,1,0,0,0,0
12,14,1,0,0,1,1,1,0,0,0,0
12,8,1,0,0,1,0,0,0,0,0,0
12,4,1,0,0,1,0,0,0,0,0,0
12,28,1,0,1,1,1,1,0,0,0,0
12,44,1,0,1,1,1,1,0,0,0,0
12,76,1,0,0,1,1,1,0,0,0,0
12,140,1,0,1,1,1,1,0,0,0,0
12,268,1,0,1,1,1,1,0,0,0,0
12,15,2,0,0,1,1,1,0,0,0,0
12,9,2,0,0,1,0,0,0,0,0,0
12,5,2,0,0,1,0,1,0,1,0,0
12,29,2,0,1,1,1,1,0,0,0,0
12,45,2,0,1,1,1,1,0,0,0,0
12,77,2,0,0,1,1,1,0,0,0,0
12,141,2,0,1,1,1,1,0,0,0,0
12,269,2,0,1,1,1,1,0,0,0,0
12,10,2,0,0,1,0,1,0,1,0,0
12,6,2,0,0,1,0,1,0,1,0,0
12,30,2,0,1,1,1,1,0,0,0,0
12,46,2,0,1,1,1,1,0,0,0,0
12,78,2,0,0,1,1,1,0,0,0,0
12,142,2,0,1,1,1,1,0,0,0,0
12,270,2,0,1,1,1,1,0,0,0,0
12,0,2,0,0,1,0,0,0,0,0,0
12,24,2,0,1,1,0,1,0,1,0,0
12,40,2,0,1,1,0,1,0,1,0,0
12,72,2,0,0,1,0,0,0,0,0,0
12,136,2,0,0,1,0,0,0,0,0,0
12,264,2,0,0,1,0,0,0,0,0,0
12,20,2,0,1,1,0,1,0,1,0,0
12,36,2,0,0,1,0,0,0,0,0,0
12,68,2,0,0,1,0,0,0,0,0,0
12,132,2,0,0,1,0,0,0,0,0,0
12,260,2,0,0,1,0,0,0,0,0,0
12,60,2,0,1,1,1,1,0,0,0,0
12,92,2,0,1,1,1,1,0,0,0,0
12,156,2,0,1,1,1,1,0,0,0,0
12,284,2,0,1,1,1,1,0,0,0,0
12,108,2,0,1,1,1,1,0,0,0,0
12,172,2,0,1,1,1,1,0,0,0,0
12,300,2,0,1,1,1,1,0,0,0,0
12,204,2,0,1,1,1,1,0,0,0,0
12,332,2,0,1,1,1,1,0,0,0,0
12,396,2,0,1,1,1,1,0,0,0,0
13,13,0,0,0,1,1,1,0,0,0,0
13,12,1,0,0,1,0,1,0,1,0,0
13,15,1,0,0,1,1,1,0,0,0,0
13,9,1,0,0,1,0,0,0,0,0,0
13,5,1,0,0,1,1,1,0,0,0,0
13,29,1,0,1,1,1,1,0,0,0,0
13,45,1,0,1,1,1,1,0,0,0,0
13,77,1,0,0,1,1,1,0,0,0,0
13,141,1,0,1,1,1,1,0,0,0,0
13,269,1,0,1,1,1,1,0,0,0,0
13,14,2,0,0,1,0,1,0,1,0,0
13,8,2,0,0,1,0,0,0,0,0,0
13,4,2,0,0,1,0,0,0,0,0,0
13,28,2,0,1,1,0,1,0,1,0,0
13,44,2,0,1,1,0,1,0,1,0,0
13,76,2,0,0,1,0,1,0,1,0,0
13,140,2,0,1,1,0,1,0,1,0,0
13,268,2,0,1,1,0,1,0,1,0,0
13,11,2,0,0,1,0,1,0,1,0,0
13,7,2,0,0,1,1,1,0,0,0,0
13,31,2,0,1,1,1,1,0,0,0,0
13,47,2,0,1,1,1,1,0,0,0,0
13,79,2,0,0,1,1,1,0,0,0,0
13,143,2,0,1,1,1,1,0,0,0,0
13,271,2,0,1,1,1,1,0,0,0,0
13,1,2,0,0,1,0,0,0,0,0,0
13,25,2,0,1,1,0,1,0,1,0,0
13,41,2,0,1,1,0,1,0,1,0,0
13,73,2,0,0,1,0,0,0,0,0,0
13,137,2,0,0,1,0,0,0,0,0,0
13,265,2,0,0,1,0,0,0,0,0,0
13,21,2,0,1,1,1,1,0,0,0,0
13,37,2,0,0,1,1,1,0,0,0,0
13,69,2,0,0,1,1,1,0,0,0,0
13,133,2,0,1,1,1,1,0,0,0,0
13,261,2,0,0,1,1,1,0,0,0,0
13,61,2,0,1,1,1,1,0,0,0,0
13,93,2,0,1,1,1,1,0,0,0,0
13,157,2,0,1,1,1,1,0,0,0,0
13,285,2,0,1,1,1,1,0,0,0,0
13,109,2,0,1,1,1,1,0,0,0,0
13,173,2,0,1,1,1,1,0,0,0,0
13,301,2,0,1,1,1,1,0,0,0,0
13,205,2,0,1,1,1,1,0,0,0,0
13,333,2,0,1,1,1,1,0,0,0,0
13,397,2,0,1,1,1,1,0,0,0,0
14,14,0,0,0,0,0,0,0,0,0,0
14,15,1,0,0,0,0,0,0,0,0,0
14,12,1,0,0,0,0,0,0,0,0,0
14,10,1,0,0,0,0,0,0,0,0,0
14,6,1,0,0,0,0,0,0,0,0,0
14,30,1,0,1,0,0,0,0,0,0,0
14,46,1,0,1,0,0,0,0,0,0,0
14,78,1,0,0,0,0,0,0,0,0,0
14,142,1,0,1,0,0,0,0,0,0,0
14,270,1,0,1,0,0,0,0,0,0,0
14,13,2,0,0,0,0,0,0,0,0,0
14,11,2,0,0,0,0,0,0,0,0,0
14,7,2,0,0,0,0,0,0,0,0,0
14,31,2,0,1,0,0,0,0,0,0,0
14,47,2,0,1,0,0,0,0,0,0,0
14,79,2,0,0,0,0,0,0,0,0,0
14,143,2,0,1,0,0,0,0,0,0,0
14,271,2,0,1,0,0,0,0,0,0,0
14,8,2,0,0,0,0,0,0,0,0,0
14,4,2,0,0,0,0,0,0,0,0,0
14,28,2,0,1,0,0,0,0,0,0,0
14,44,2,0,1,0,0,0,0,0,0,0
14,76,2,0,0,0,0,0,0,0,0,0
14,140,2,0,1,0,0,0,0,0,0,0
14,268,2,0,1,0,0,0,0,0,0,0
14,2,2,0,0,0,0,0,0,0,0,0
14,26,2,0,1,0,0,0,0,0,0,0
14,42,2,0,1,0,0,0,0,0,0,0
14,74,2,0,0,0,0,0,0,0,0,0
14,138,2,0,1,0,0,0,0,0,0,0
14,266,2,0,1,0,0,0,0,0,0,0
14,22,2,0,1,0,0,0,0,0,0,0
14,38,2,0,0,0,0,0,0,0,0,0
14,70,2,0,0,0,0,0,0,0,0,0
14,134,2,0,1,0,0,0,0,0,0,0
14,262,2,0,0,0,0,0,0,0,0,0
14,62,2,0,1,0,0,0,0,0,0,0
14,94,2,0,1,0,0,0,0,0,0,0
14,158,2,0,1,0,0,0,0,0,0,0
14,286,2,0,1,0,0,0,0,0,0,0
14,110,2,0,1,0,0,0,0,0,0,0
14,174,2,0,1,0,0,0,0,0,0,0
14,302,2,0,1,0,0,0,0,0,0,0
14,206,2,0,1,0,0,0,0,0,0,0
14,334,2,0,1,0,0,0,0,0,0,0
14,398,2,0,1,0,0,0,0,0,0,0
15,15,0,0,0,0,0,0,0,0,0,0
15,14,1,0,0,0,0,0,0,0,0,0
15,13,1,0,0,0,0,0,0,0,0,0
15,11,1,0,0,0,0,0,0,0,0,0
15,7,1,0,0,0,0,0,0,0,0,0
15,31,1,0,1,0,0,0,0,0,0,0
15,47,1,0,1,0,0,0,0,0,0,0
15,79,1,0,0,0,0,0,0,0,0,0
15,143,1,0,1,0,0,0,0,0,0,0
15,271,1,0,1,0,0,0,0,0,0,0
15,12,2,0,0,0,0,0,0,0,0,0
15,10,2,0,0,0,0,0,0,0,0,0
15,6,2,0,0,0,0,0,0,0,0,0
15,30,2,0,1,0,0,0,0,0,0,0
15,46,2,0,1,0,0,0,0,0,0,0
15,78,2,0,0,0,0,0,0,0,0,0
15,142,2,0,1,0,0,0,0,0,0,0
15,270,2,0,1,0,0,0,0,0,0,0
15,9,2,0,0,0,0,0,0,0,0,0
15,5,2,0,0,0,0,0,0,0,0,0
15,29,2,0,1,0,0,0,0,0,0,0
15,45,2,0,1,0,0,0,0,0,0,0
15,77,2,0,0,0,0,0,0,0,0,0
15,141,2,0,1,0,0,0,0,0,0,0
15,269,2,0,1,0,0,0,0,0,0,0
15,3,2,0,0,0,0,0,0,0,0,0
15,27,2,0,1,0,0,0,0,0,0,0
15,43,2,0,1,0,0,0,0,0,0,0
15,75,2,0,0,0,0,0,0,0,0,0
15,139,2,0,1,0,0,0,0,0,0,0
15,267,2,0,1,0,0,0,0,0,0,0
15,23,2,0,1,0,0,0,0,0,0,0
15,39,2,0,0,0,0,0,0,0,0,0
15,71,2,0,0,0,0,0,0,0,0,0
15,135,2,0,1,0,0,0,0,0,0,0
15,263,2,0,0,0,0,0,0,0,0,0
15,63,2,0,1,0,0,0,0,0,0,0
15,95,2,0,1,0,0,0,0,0,0,0
15,159,2,0,1,0,0,0,0,0,0,0
15,287,2,0,1,0,0,0,0,0,0,0
15,111,2,0,1,0,0,0,0,0,0,0
15,175,2,0,1,0,0,0,0,0,0,0
15,303,2,0,1,0,0,0,0,0,0,0
15,207,2,0,1,0,0,0,0,0,0,0
15,335,2,0,1,0,0,0,0,0,0,0
15,399,2,0,1,0,0,0,0,0,0,0
16,16,0,1,1,0,0,0,0,0,0,1
16,17,1,1,1,0,0,0,0,0,0,1
16,18,1,1,1,0,0,0,0,0,0,1
16,20,1,1,1,0,0,0,0,0,0,1
16,24,1,1,1,0,0,0,0,0,0,1
16,0,1,1,0,0,0,0,0,0,1,0
16,48,1,1,1,0,0,0,0,0,0,1
16,80,1,1,1,0,0,0,0,0,0,1
16,144,1,1,1,0,0,0,0,0,0,1
16,272,1,1,1,0,0,0,0,0,0,1
16,19,2,1,1,0,0,0,0,0,0,1
16,21,2,1,1,0,0,0,0,0,0,1
16,25,2,1,1,0,0,0,0,0,0,1
16,1,2,1,0,0,0,0,0,0,1,0
16,49,2,1,1,0,0,0,0,0,0,1
16,81,2,1,1,0,0,0,0,0,0,1
16,145,2,1,1,0,0,0,0,0,0,1
16,273,2,1,1,0,0,0,0,0,0,1
16,22,2,1,1,0,0,0,0,0,0,1
16,26,2,1,1,0,0,0,0,0,0,1
16,2,2,1,0,0,0,0,0,0,1,0
16,50,2,1,1,0,0,0,0,0,0,1
16,82,2,1,1,0,0,0,0,0,0,1
16,146,2,1,1,0,0,0,0,0,0,1
16,274,2,1,1,0,0,0,0,0,0,1
16,28,2,1,1,0,0,0,0,0,0,1
16,4,2,1,0,0,0,0,0,0,1,0
16,52,2,1,1,0,0,0,0,0,0,1
16,84,2,1,1,0,0,0,0,0,0,1
16,148,2,1,1,0,0,0,0,0,0,1
16,276,2,1,1,0,0,0,0,0,0,1
16,8,2,1,0,0,0,0,0,0,1,0
16,56,2,1,1,0,0,0,0,0,0,1
16,88,2,1,1,0,0,0,0,0,0,1
16,152,2,1,1,0,0,0,0,0,0,1
16,280,2,1,1,0,0,0,0,0,0,1
16,32,2,1,0,0,0,0,0,0,1,0
16,64,2,1,0,0,0,0,0,0,1,0
16,128,2,1,0,0,0,0,0,0,1,0
16,256,2,1,0,0,0,0,0,0,1,0
16,112,2,1,1,0,0,0,0,0,0,1
16,176,2,1,1,0,0,0,0,0,0,1
16,304,2,1,1,0,0,0,0,0,0,1
16,208,2,1,1,0,0,0,0,0,0,1
16,336,2,1,1,0,0,0,0,0,0,1
16,400,2,1,1,0,0,0,0,0,0,1
17,17,0,1,1,0,0,0,0,0,0,1
17,16,1,1,1,0,0,0,0,0,0,1
17,19,1,1,1,0,0,0,0,0,0,1
17,21,1,1,1,0,0,0,0,0,0,1
17,25,1,1,1,0,0,0,0,0,0,1
17,1,1,1,0,0,0,0,0,0,1,0
17,49,1,1,1,0,0,0,0,0,0,1
17,81,1,1,1,0,0,0,0,0,0,1
17,145,1,1,1,0,0,0,0,0,0,1
17,273,1,1,1,0,0,0,0,0,0,1
17,18,2,1,1,0,0,0,0,0,0,1
17,20,2,1,1,0,0,0,0,0,0,1
17,24,2,1,1,0,0,0,0,0,0,1
17,0,2,1,0,0,0,0,0,0,1,0
17,48,2,1,1,0,0,0,0,0,0,1
17,80,2,1,1,0,0,0,0,0,0,1
17,144,2,1,1,0,0,0,0,0,0,1
17,272,2,1,1,0,0,0,0,0,0,1
17,23,2,1,1,0,0,0,0,0,0,1
17,27,2,1,1,0,0,0,0,0,0,1
17,3,2,1,0,0,0,0,0,0,1,0
17,51,2,1,1,0,0,0,0,0,0,1
17,83,2,1,1,0,0,0,0,0,0,1
17,147,2,1,1,0,0,0,0,0,0,1
17,275,2,1,1,0,0,0,0,0,0,1
17,29,2,1,1,0,0,0,0,0,0,1
17,5,2,1,0,0,0,0,0,0,1,0
17,53,2,1,1,0,0,0,0,0,0,1
17,85,2,1,1,0,0,0,0,0,0,1
17,149,2,1,1,0,0,0,0,0,0,1
17,277,2,1,1,0,0,0,0,0,0,1
17,9,2,1,0,0,0,0,0,0,1,0
17,57,2,1,1,0,0,0,0,0,0,1
17,89,2,1,1,0,0,0,0,0,0,1
17,153,2,1,1,0,0,0,0,0,0,1
17,281,2,1,1,0,0,0,0,0,0,1
17,33,2,1,0,0,0,0,0,0,1,0
17,65,2,1,0,0,0,0,0,0,1,0
17,129,2,1,0,0,0,0,0,0,1,0
17,257,2,1,0,0,0,0,0,0,1,0
17,113,2,1,1,0,0,0,0,0,0,1
17,177,2,1,1,0,0,0,0,0,0,1
17,305,2,1,1,0,0,0,0,0,0,1
17,209,2,1,1,0,0,0,0,0,0,1
17,337,2,1,1,0,0,0,0,0,0,1
17,401,2,1,1,0,0,0,0,0,0,1
18,18,0,1,1,0,0,0,0,0,0,1
18,19,1,1,1,0,0,0,0,0,0,1
18,16,1,1,1,0,0,0,0,0,0,1
18,22,1,1,1,0,0,0,0,0,0,1
18,26,1,1,1,0,0,0,0,0,0,1
18,2,1,1,0,0,0,0,0,0,1,0
18,50,1,1,1,0,0,0,0,0,0,1
18,82,1,1,1,0,0,0,0,0,0,1
18,146,1,1,1,0,0,0,0,0,0,1
18,274,1,1,1,0,0,0,0,0,0,1
18,17,2,1,1,0,0,0,0,0,0,1
18,23,2,1,1,0,0,0,0,0,0,1
18,27,2,1,1,0,0,0,0,0,0,1
18,3,2,1,0,0,0,0,0,0,1,0
18,51,2,1,1,0,0,0,0,0,0,1
18,83,2,1,1,0,0,0,0,0,0,1
18,147,2,1,1,0,0,0,0,0,0,1
18,275,2,1,1,0,0,0,0,0,0,1
18,20,2,1,1,0,0,0,0,0,0,1
18,24,2,1,1,0,0,0,0,0,0,1
18,0,2,1,0,0,0,0,0,0,1,0
18,48,2,1,1,0,0,0,0,0,0,1
18,80,2,1,1,0,0,0,0,0,0,1
18,144,2,1,1,0,0,0,0,0,0,1
18,272,2,1,1,0,0,0,0,0,0,1
18,30,2,1,1,0,0,0,0,0,0,1
18,6,2,1,0,0,0,0,0,0,1,0
18,54,2,1,1,0,0,0,0,0,0,1
18,86,2,1,1,0,0,0,0,0,0,1
18,150,2,1,1,0,0,0,0,0,0,1
18,278,2,1,1,0,0,0,0,0,0,1
18,10,2,1,0,0,0,0,0,0,1,0
18,58,2,1,1,0,0,0,0,0,0,1
18,90,2,1,1,0,0,0,0,0,0,1
18,154,2,1,1,0,0,0,0,0,0,1
18,282,2,1,1,0,0,0,0,0,0,1
18,34,2,1,0,0,0,0,0,0,1,0
18,66,2,1,0,0,0,0,0,0,1,0
18,130,2,1,1,0,0,0,0,0,0,0
18,258,2,1,0,0,0,0,0,0,1,0
18,114,2,1,1,0,0,0,0,0,0,1
18,178,2,1,1,0,0,0,0,0,0,1
18,306,2,1,1,0,0,0,0,0,0,1
18,210,2,1,1,0,0,0,0,0,0,1
18,338,2,1,1,0,0,0,0,0,0,1
18,402,2,1,1,0,0,0,0,0,0,1
19,19,0,1,1,0,0,0,0,0,0,1
19,18,1,1,1,0,0,0,0,0,0,1
19,17,1,1,1,0,0,0,0,0,0,1
19,23,1,1,1,0,0,0,0,0,0,1
19,27,1,1,1,0,0,0,0,0,0,1
19,3,1,1,0,0,0,0,0,0,1,0
19,51,1,1,1,0,0,0,0,0,0,1
19,83,1,1,1,0,0,0,0,0,0,1
19,147,1,1,1,0,0,0,0,0,0,1
19,275,1,1,1,0,0,0,0,0,0,1
19,16,2,1,1,0,0,0,0,0,0,1
19,22,2,1,1,0,0,0,0,0,0,1
19,26,2,1,1,0,0,0,0,0,0,1
19,2,2,1,0,0,0,0,0,0,1,0
19,50,2,1,1,0,0,0,0,0,0,1
19,82,2,1,1,0,0,0,0,0,0,1
19,146,2,1,1,0,0,0,0,0,0,1
19,274,2,1,1,0,0,0,0,0,0,1
19,21,2,1,1,0,0,0,0,0,0,1
19,25,2,1,1,0,0,0,0,0,0,1
19,1,2,1,0,0,0,0,0,0,1,0
19,49,2,1,1,0,0,0,0,0,0,1
19,81,2,1,1,0,0,0,0,0,0,1
19,145,2,1,1,0,0,0,0,0,0,1
19,273,2,1,1,0,0,0,0,0,0,1
19,31,2,1,1,0,0,0,0,0,0,1
19,7,2,1,0,0,0,0,0,0,1,0
19,55,2,1,1,0,0,0,0,0,0,1
19,87,2,1,1,0,0,0,0,0,0,1
19,151,2,1,1,0,0,0,0,0,0,1
19,279,2,1,1,0,0,0,0,0,0,1
19,11,2,1,0,0,0,0,0,0,1,0
19,59,2,1,1,0,0,0,0,0,0,1
19,91,2,1,1,0,0,0,0,0,0,1
19,155,2,1,1,0,0,0,0,0,0,1
19,283,2,1,1,0,0,0,0,0,0,1
19,35,2,1,0,0,0,0,0,0,1,0
19,67,2,1,0,0,0,0,0,0,1,0
19,131,2,1,1,0,0,0,0,0,0,0
19,259,2,1,0,0,0,0,0,0,1,0
19,115,2,1,1,0,0,0,0,0,0,1
19,179,2,1,1,0,0,0,0,0,0,1
19,307,2,1,1,0,0,0,0,0,0,1
19,211,2,1,1,0,0,0,0,0,0,1
19,339,2,1,1,0,0,0,0,0,0,1
19,403,2,1,1,0,0,0,0,0,0,1
20,20,0,1,1,0,0,0,0,0,0,1
20,21,1,1,1,0,0,0,0,0,0,1
20,22,1,1,1,0,0,0,0,0,0,1
20,16,1,1,1,0,0,0,0,0,0,1
20,28,1,1,1,0,0,0,0,0,0,1
20,4,1,1,0,0,0,0,0,0,1,0
20,52,1,1,1,0,0,0,0,0,0,1
20,84,1,1,1,0,0,0,0,0,0,1
20,148,1,1,1,0,0,0,0,0,0,1
20,276,1,1,1,0,0,0,0,0,0,1
20,23,2,1,1,0,0,0,0,0,0,1
20,17,2,1,1,0,0,0,0,0,0,1
20,29,2,1,1,0,0,0,0,0,0,1
20,5,2,1,0,0,0,0,0,0,1,0
20,53,2,1,1,0,0,0,0,0,0,1
20,85,2,1,1,0,0,0,0,0,0,1
20,149,2,1,1,0,0,0,0,0,0,1
20,277,2,1,1,0,0,0,0,0,0,1
20,18,2,1,1,0,0,0,0,0,0,1
20,30,2,1,1,0,0,0,0,0,0,1
20,6,2,1,0,0,0,0,0,0,1,0
20,54,2,1,1,0,0,0,0,0,0,1
20,86,2,1,1,0,0,0,0,0,0,1
20,150,2,1,1,0,0,0,0,0,0,1
20,278,2,1,1,0,0,0,0,0,0,1
20,24,2,1,1,0,0,0,0,0,0,1
20,0,2,1,0,0,0,0,0,0,1,0
20,48,2,1,1,0,0,0,0,0,0,1
20,80,2,1,1,0,0,0,0,0,0,1
20,144,2,1,1,0,0,0,0,0,0,1
20,272,2,1,1,0,0,0,0,0,0,1
20,12,2,1,0,0,0,0,0,0,1,0
20,60,2,1,1,0,0,0,0,0,0,1
20,92,2,1,1,0,0,0,0,0,0,1
20,156,2,1,1,0,0,0,0,0,0,1
20,284,2,1,1,0,0,0,0,0,0,1
20,36,2,1,0,0,0,0,0,0,1,0
20,68,2,1,0,0,0,0,0,0,1,0
20,132,2,1,0,0,0,0,0,0,1,0
20,260,2,1,0,0,0,0,0,0,1,0
20,116,2,1,1,0,0,0,0,0,0,1
20,180,2,1,1,0,0,0,0,0,0,1
20,308,2,1,1,0,0,0,0,0,0,1
20,212,2,1,1,0,0,0,0,0,0,1
20,340,2,1,1,0,0,0,0,0,0,1
20,404,2,1,1,0,0,0,0,0,0,1
21,21,0,1,1,1,1,1,0,0,0,1
21,20,1,1,1,1,0,1,0,1,0,1
21,23,1,1,1,1,1,1,0,0,0,1
21,17,1,1,1,1,0,1,0,1,0,1
21,29,1,1,1,1,1,1,0,0,0,1
21,5,1,1,0,1,1,1,0,0,1,0
21,53,1,1,1,1,1,1,0,0,0,1
21,85,1,1,1,1,1,1,0,0,0,1
21,149,1,1,1,1,1,1,0,0,0,1
21,277,1,1,1,1,1,1,0,0,0,1
21,22,2,1,1,1,0,1,0,1,0,1
21,16,2,1,1,1,0,1,0,1,0,1
21,28,2,1,1,1,0,1,0,1,0,1
21,4,2,1,0,1,0,0,0,0,1,0
21,52,2,1,1,1,0,1,0,1,0,1
21,84,2,1,1,1,0,1,0,1,0,1
21,148,2,1,1,1,0,1,0,1,0,1
21,276,2,1,1,1,0,1,0,1,0,1
21,19,2,1,1,1,0,1,0,1,0,1
21,31,2,1,1,1,1,1,0,0,0,1
21,7,2,1,0,1,1,1,0,0,1,0
21,55,2,1,1,1,1,1,0,0,0,1
21,87,2,1,1,1,1,1,0,0,0,1
21,151,2,1,1,1,1,1,0,0,0,1
21,279,2,1,1,1,1,1,0,0,0,1
21,25,2,1,1,1,0,1,0,1,0,1
21,1,2,1,0,1,0,0,0,0,1,0
21,49,2,1,1,1,0,1,0,1,0,1
21,81,2,1,1,1,0,1,0,1,0,1
21,145,2,1,1,1,0,1,0,1,0,1
21,273,2,1,1,1,0,1,0,1,0,1
21,13,2,1,0,1,1,1,0,0,1,0
21,61,2,1,1,1,1,1,0,0,0,1
21,93,2,1,1,1,1,1,0,0,0,1
21,157,2,1,1,1,1,1,0,0,0,1
21,285,2,1,1,1,1,1,0,0,0,1
21,37,2,1,0,1,1,1,0,0,1,0
21,69,2,1,0,1,1,1,0,0,1,0
21,133,2,1,1,1,1,1,0,0,0,0
21,261,2,1,0,1,1,1,0,0,1,0
21,117,2,1,1,1,1,1,0,0,0,1
21,181,2,1,1,1,1,1,0,0,0,1
21,309,2,1,1,1,1,1,0,0,0,1
21,213,2,1,1,1,1,1,0,0,0,1
21,341,2,1,1,1,1,1,0,0,0,1
21,405,2,1,1,1,1,1,0,0,0,1
22,22,0,1,1,0,0,0,0,0,0,1
22,23,1,1,1,0,0,0,0,0,0,1
22,20,1,1,1,0,0,0,0,0,0,1
22,18,1,1,1,0,0,0,0,0,0,1
22,30,1,1,1,0,0,0,0,0,0,1
22,6,1,1,0,0,0,0,0,0,1,0
22,54,1,1,1,0,0,0,0,0,0,1
22,86,1,1,1,0,0,0,0,0,0,1
22,150,1,1,1,0,0,0,0,0,0,1
22,278,1,1,1,0,0,0,0,0,0,1
22,21,2,1,1,0,0,0,0,0,0,1
22,19,2,1,1,0,0,0,0,0,0,1
22,31,2,1,1,0,0,0,0,0,0,1
22,7,2,1,0,0,0,0,0,0,1,0
22,55,2,1,1,0,0,0,0,0,0,1
22,87,2,1,1,0,0,0,0,0,0,1
22,151,2,1,1,0,0,0,0,0,0,1
22,279,2,1,1,0,0,0,0,0,0,1
22,16,2,1,1,0,0,0,0,0,0,1
22,28,2,1,1,0,0,0,0,0,0,1
22,4,2,1,0,0,0,0,0,0,1,0
22,52,2,1,1,0,0,0,0,0,0,1
22,84,2,1,1,0,0,0,0,0,0,1
22,148,2,1,1,0,0,0,0,0,0,1
22,276,2,1,1,0,0,0,0,0,0,1
22,26,2,1,1,0,0,0,0,0,0,1
22,2,2,1,0,0,0,0,0,0,1,0
22,50,2,1,1,0,0,0,0,0,0,1
22,82,2,1,1,0,0,0,0,0,0,1
22,146,2,1,1,0,0,0,0,0,0,1
22,274,2,1,1,0,0,0,0,0,0,1
22,14,2,1,0,0,0,0,0,0,1,0
22,62,2,1,1,0,0,0,0,0,0,1
22,94,2,1,1,0,0,0,0,0,0,1
22,158,2,1,1,0,0,0,0,0,0,1
22,286,2,1,1,0,0,0,0,0,0,1
22,38,2,1,0,0,0,0,0,0,1,0
22,70,2,1,0,0,0,0,0,0,1,0
22,134,2,1,1,0,0,0,0,0,0,0
22,262,2,1,0,0,0,0,0,0,1,0
22,118,2,1,1,0,0,0,0,0,0,1
22,182,2,1,1,0,0,0,0,0,0,1
22,310,2,1,1,0,0,0,0,0,0,1
22,214,2,1,1,0,0,0,0,0,0,1
22,342,2,1,1,0,0,0,0,0,0,1
22,406,2,1,1,0,0,0,0,0,0,1
23,23,0,1,1,0,0,0,0,0,0,1
23,22,1,1,1,0,0,0,0,0,0,1
23,21,1,1,1,0,0,0,0,0,0,1
23,19,1,1,1,0,0,0,0,0,0,1
23,31,1,1,1,0,0,0,0,0,0,1
23,7,1,1,0,0,0,0,0,0,1,0
23,55,1,1,1,0,0,0,0,0,0,1
23,87,1,1,1,0,0,0,0,0,0,1
23,151,1,1,1,0,0,0,0,0,0,1
23,279,1,1,1,0,0,0,0,0,0,1
23,20,2,1,1,0,0,0,0,0,0,1
23,18,2,1,1,0,0,0,0,0,0,1
23,30,2,1,1,0,0,0,0,0,0,1
23,6,2,1,0,0,0,0,0,0,1,0
23,54,2,1,1,0,0,0,0,0,0,1
23,86,2,1,1,0,0,0,0,0,0,1
23,150,2,1,1,0,0,0,0,0,0,1
23,278,2,1,1,0,0,0,0,0,0,1
23,17,2,1,1,0,0,0,0,0,0,1
23,29,2,1,1,0,0,0,0,0,0,1
23,5,2,1,0,0,0,0,0,0,1,0
23,53,2,1,1,0,0,0,0,0,0,1
23,85,2,1,1,0,0,0,0,0,0,1
23,149,2,1,1,0,0,0,0,0,0,1
23,277,2,1,1,0,0,0,0,0,0,1
23,27,2,1,1,0,0,0,0,0,0,1
23,3,2,1,0,0,0,0,0,0,1,0
23,51,2,1,1,0,0,0,0,0,0,1
23,83,2,1,1,0,0,0,0,0,0,1
23,147,2,1,1,0,0,0,0,0,0,1
23,275,2,1,1,0,0,0,0,0,0,1
23,15,2,1,0,0,0,0,0,0,1,0
23,63,2,1,1,0,0,0,0,0,0,1
23,95,2,1,1,0,0,0,0,0,0,1
23,159,2,1,1,0,0,0,0,0,0,1
23,287,2,1,1,0,0,0,0,0,0,1
23,39,2,1,0,0,0,0,0,0,1,0
23,71,2,1,0,0,0,0,0,0,1,0
23,135,2,1,1,0,0,0,0,0,0,0
23,263,2,1,0,0,0,0,0,0,1,0
23,119,2,1,1,0,0,0,0,0,0,1
23,183,2,1,1,0,0,0,0,0,0,1
23,311,2,1,1,0,0,0,0,0,0,1
23,215,2,1,1,0,0,0,0,0,0,1
23,343,2,1,1,0,0,0,0,0,0,1
23,407,2,1,1,0,0,0,0,0,0,1
24,24,0,1,1,0,0,0,0,0,0,1
24,25,1,1,1,0,0,0,0,0,0,1
24,26,1,1,1,0,0,0,0,0,0,1
24,28,1,1,1,0,0,0,0,0,0,1
24,16,1,1,1,0,0,0,0,0,0,1
24,8,1,1,0,0,0,0,0,0,1,0
24,56,1,1,1,0,0,0,0,0,0,1
24,88,1,1,1,0,0,0,0,0,0,1
24,152,1,1,1,0,0,0,0,0,0,1
24,280,1,1,1,0,0,0,0,0,0,1
24,27,2,1,1,0,0,0,0,0,0,1
24,29,2,1,1,0,0,0,0,0,0,1
24,17,2,1,1,0,0,0,0,0,0,1
24,9,2,1,0,0,0,0,0,0,1,0
24,57,2,1,1,0,0,0,0,0,0,1
24,89,2,1,1,0,0,0,0,0,0,1
24,153,2,1,1,0,0,0,0,0,0,1
24,281,2,1,1,0,0,0,0,0,0,1
24,30,2,1,1,0,0,0,0,0,0,1
24,18,2,1,1,0,0,0,0,0,0,1
24,10,2,1,0,0,0,0,0,0,1,0
24,58,2,1,1,0,0,0,0,0,0,1
24,90,2,1,1,0,0,0,0,0,0,1
24,154,2,1,1,0,0,0,0,0,0,1
24,282,2,1,1,0,0,0,0,0,0,1
24,20,2,1,1,0,0,0,0,0,0,1
24,12,2,1,0,0,0,0,0,0,1,0
24,60,2,1,1,0,0,0,0,0,0,1
24,92,2,1,1,0,0,0,0,0,0,1
24,156,2,1,1,0,0,0,0,0,0,1
24,284,2,1,1,0,0,0,0,0,0,1
24,0,2,1,0,0,0,0,0,0,1,0
24,48,2,1,1,0,0,0,0,0,0,1
24,80,2,1,1,0,0,0,0,0,0,1
24,144,2,1,1,0,0,0,0,0,0,1
24,272,2,1,1,0,0,0,0,0,0,1
24,40,2,1,1,0,0,0,0,0,0,0
24,72,2,1,0,0,0,0,0,0,1,0
24,136,2,1,0,0,0,0,0,0,1,0
24,264,2,1,0,0,0,0,0,0,1,0
24,120,2,1,1,0,0,0,0,0,0,1
24,184,2,1,1,0,0,0,0,0,0,1
24,312,2,1,1,0,0,0,0,0,0,1
24,216,2,1,1,0,0,0,0,0,0,1
24,344,2,1,1,0,0,0,0,0,0,1
24,408,2,1,1,0,0,0,0,0,0,1
25,25,0,1,1,0,0,0,0,0,0,1
25,24,1,1,1,0,0,0,0,0,0,1
25,27,1,1,1,0,0,0,0,0,0,1
25,29,1,1,1,0,0,0,0,0,0,1
25,17,1,1,1,0,0,0,0,0,0,1
25,9,1,1,0,0,0,0,0,0,1,0
25,57,1,1,1,0,0,0,0,0,0,1
25,89,1,1,1,0,0,0,0,0,0,1
25,153,1,1,1,0,0,0,0,0,0,1
25,281,1,1,1,0,0,0,0,0,0,1
25,26,2,1,1,0,0,0,0,0,0,1
25,28,2,1,1,0,0,0,0,0,0,1
25,16,2,1,1,0,0,0,0,0,0,1
25,8,2,1,0,0,0,0,0,0,1,0
25,56,2,1,1,0,0,0,0,0,0,1
25,88,2,1,1,0,0,0,0,0,0,1
25,152,2,1,1,0,0,0,0,0,0,1
25,280,2,1,1,0,0,0,0,0,0,1
25,31,2,1,1,0,0,0,0,0,0,1
25,19,2,1,1,0,0,0,0,0,0,1
25,11,2,1,0,0,0,0,0,0,1,0
25,59,2,1,1,0,0,0,0,0,0,1
25,91,2,1,1,0,0,0,0,0,0,1
25,155,2,1,1,0,0,0,0,0,0,1
25,283,2,1,1,0,0,0,0,0,0,1
25,21,2,1,1,0,0,0,0,0,0,1
25,13,2,1,0,0,0,0,0,0,1,0
25,61,2,1,1,0,0,0,0,0,0,1
25,93,2,1,1,0,0,0,0,0,0,1
25,157,2,1,1,0,0,0,0,0,0,1
25,285,2,1,1,0,0,0,0,0,0,1
25,1,2,1,0,0,0,0,0,0,1,0
25,49,2,1,1,0,0,0,0,0,0,1
25,81,2,1,1,0,0,0,0,0,0,1
25,145,2,1,1,0,0,0,0,0,0,1
25,273,2,1,1,0,0,0,0,0,0,1
25,41,2,1,1,0,0,0,0,0,0,0
25,73,2,1,0,0,0,0,0,0,1,0
25,137,2,1,0,0,0,0,0,0,1,0
25,265,2,1,0,0,0,0,0,0,1,0
25,121,2,1,1,0,0,0,0,0,0,1
25,185,2,1,1,0,0,0,0,0,0,1
25,313,2,1,1,0,0,0,0,0,0,1
25,217,2,1,1,0,0,0,0,0,0,1
25,345,2,1,1,0,0,0,0,0,0,1
25,409,2,1,1,0,0,0,0,0,0,1
26,26,0,1,1,0,0,0,0,0,0,1
26,27,1,1,1,0,0,0,0,0,0,1
26,24,1,1,1,0,0,0,0,0,0,1
26,30,1,1,1,0,0,0,0,0,0,1
26,18,1,1,1,0,0,0,0,0,0,1
26,10,1,1,0,0,0,0,0,0,1,0
26,58,1,1,1,0,0,0,0,0,0,1
26,90,1,1,1,0,0,0,0,0,0,1
26,154,1,1,1,0,0,0,0,0,0,1
26,282,1,1,1,0,0,0,0,0,0,1
26,25,2,1,1,0,0,0,0,0,0,1
26,31,2,1,1,0,0,0,0,0,0,1
26,19,2,1,1,0,0,0,0,0,0,1
26,11,2,1,0,0,0,0,0,0,1,0
26,59,2,1,1,0,0,0,0,0,0,1
26,91,2,1,1,0,0,0,0,0,0,1
26,155,2,1,1,0,0,0,0,0,0,1
26,283,2,1,1,0,0,0,0,0,0,1
26,28,2,1,1,0,0,0,0,0,0,1
26,16,2,1,1,0,0,0,0,0,0,1
26,8,2,1,0,0,0,0,0,0,1,0
26,56,2,1,1,0,0,0,0,0,0,1
26,88,2,1,1,0,0,0,0,0,0,1
26,152,2,1,1,0,0,0,0,0,0,1
26,280,2,1,1,0,0,0,0,0,0,1
26,22,2,1,1,0,0,0,0,0,0,1
26,14,2,1,0,0,0,0,0,0,1,0
26,62,2,1,1,0,0,0,0,0,0,1
26,94,2,1,1,0,0,0,0,0,0,1
26,158,2,1,1,0,0,0,0,0,0,1
26,286,2,1,1,0,0,0,0,0,0,1
26,2,2,1,0,0,0,0,0,0,1,0
26,50,2,1,1,0,0,0,0,0,0,1
26,82,2,1,1,0,0,0,0,0,0,1
26,146,2,1,1,0,0,0,0,0,0,1
26,274,2,1,1,0,0,0,0,0,0,1
26,42,2,1,1,0,0,0,0,0,0,0
26,74,2,1,0,0,0,0,0,0,1,0
26,138,2,1,1,0,0,0,0,0,0,0
26,266,2,1,1,0,0,0,0,0,0,0
26,122,2,1,1,0,0,0,0,0,0,1
26,186,2,1,1,0,0,0,0,0,0,1
26,314,2,1,1,0,0,0,0,0,0,1
26,218,2,1,1,0,0,0,0,0,0,1
26,346,2,1,1,0,0,0,0,0,0,1
26,410,2,1,1,0,0,0,0,0,0,1
27,27,0,1,1,0,0,0,0,0,0,1
27,26,1,1,1,0,0,0,0,0,0,1
27,25,1,1,1,0,0,0,0,0,0,1
27,31,1,1,1,0,0,0,0,0,0,1
27,19,1,1,1,0,0,0,0,0,0,1
27,11,1,1,0,0,0,0,0,0,1,0
27,59,1,1,1,0,0,0,0,0,0,1
27,91,1,1,1,0,0,0,0,0,0,1
27,155,1,1,1,0,0,0,0,0,0,1
27,283,1,1,1,0,0,0,0,0,0,1
27,24,2,1,1,0,0,0,0,0,0,1
27,30,2,1,1,0,0,0,0,0,0,1
27,18,2,1,1,0,0,0,0,0,0,1
27,10,2,1,0,0,0,0,0,0,1,0
27,58,2,1,1,0,0,0,0,0,0,1
27,90,2,1,1,0,0,0,0,0,0,1
27,154,2,1,1,0,0,0,0,0,0,1
27,282,2,1,1,0,0,0,0,0,0,1
27,29,2,1,1,0,0,0,0,0,0,1
27,17,2,1,1,0,0,0,0,0,0,1
27,9,2,1,0,0,0,0,0,0,1,0
27,57,2,1,1,0,0,0,0,0,0,1
27,89,2,1,1,0,0,0,0,0,0,1
27,153,2,1,1,0,0,0,0,0,0,1
27,281,2,1,1,0,0,0,0,0,0,1
27,23,2,1,1,0,0,0,0,0,0,1
27,15,2,1,0,0,0,0,0,0,1,0
27,63,2,1,1,0,0,0,0,0,0,1
27,95,2,1,1,0,0,0,0,0,0,1
27,159,2,1,1,0,0,0,0,0,0,1
27,287,2,1,1,0,0,0,0,0,0,1
27,3,2,1,0,0,0,0,0,0,1,0
27,51,2,1,1,0,0,0,0,0,0,1
27,83,2,1,1,0,0,0,0,0,0,1
27,147,2,1,1,0,0,0,0,0,0,1
27,275,2,1,1,0,0,0,0,0,0,1
27,43,2,1,1,0,0,0,0,0,0,0
27,75,2,1,0,0,0,0,0,0,1,0
27,139,2,1,1,0,0,0,0,0,0,0
27,267,2,1,1,0,0,0,0,0,0,0
27,123,2,1,1,0,0,0,0,0,0,1
27,187,2,1,1,0,0,0,0,0,0,1
27,315,2,1,1,0,0,0,0,0,0,1
27,219,2,1,1,0,0,0,0,0,0,1
27,347,2,1,1,0,0,0,0,0,0,1
27,411,2,1,1,0,0,0,0,0,0,1
28,28,0,1,1,1,1,1,0,0,0,1
28,29,1,1,1,1,1,1,0,0,0,1
28,30,1,1,1,1,1,1,0,0,0,1
28,24,1,1,1,1,0,1,0,1,0,1
28,20,1,1,1,1,0,1,0,1,0,1
28,12,1,1,0,1,1,1,0,0,1,0
28,60,1,1,1,1,1,1,0,0,0,1
28,92,1,1,1,1,1,1,0,0,0,1
28,156,1,1,1,1,1,1,0,0,0,1
28,284,1,1,1,1,1,1,0,0,0,1
28,31,2,1,1,1,1,1,0,0,0,1
28,25,2,1,1,1,0,1,0,1,0,1
28,21,2,1,1,1,0,1,0,1,0,1
28,13,2,1,0,1,1,1,0,0,1,0
28,61,2,1,1,1,1,1,0,0,0,1
28,93,2,1,1,1,1,1,0,0,0,1
28,157,2,1,1,1,1,1,0,0,0,1
28,285,2,1,1,1,1,1,0,0,0,1
28,26,2,1,1,1,0,1,0,1,0,1
28,22,2,1,1,1,0,1,0,1,0,1
28,14,2,1,0,1,1,1,0,0,1,0
28,62,2,1,1,1,1,1,0,0,0,1
28,94,2,1,1,1,1,1,0,0,0,1
28,158,2,1,1,1,1,1,0,0,0,1
28,286,2,1,1,1,1,1,0,0,0,1
28,16,2,1,1,1,0,1,0,1,0,1
28,8,2,1,0,1,0,0,0,0,1,0
28,56,2,1,1,1,0,1,0,1,0,1
28,88,2,1,1,1,0,1,0,1,0,1
28,152,2,1,1,1,0,1,0,1,0,1
28,280,2,1,1,1,0,1,0,1,0,1
28,4,2,1,0,1,0,0,0,0,1,0
28,52,2,1,1,1,0,1,0,1,0,1
28,84,2,1,1,1,0,1,0,1,0,1
28,148,2,1,1,1,0,1,0,1,0,1
28,276,2,1,1,1,0,1,0,1,0,1
28,44,2,1,1,1,1,1,0,0,0,0
28,76,2,1,0,1,1,1,0,0,1,0
28,140,2,1,1,1,1,1,0,0,0,0
28,268,2,1,1,1,1,1,0,0,0,0
28,124,2,1,1,1,1,1,0,0,0,1
28,188,2,1,1,1,1,1,0,0,0,1
28,316,2,1,1,1,1,1,0,0,0,1
28,220,2,1,1,1,1,1,0,0,0,1
28,348,2,1,1,1,1,1,0,0,0,1
28,412,2,1,1,1,1,1,0,0,0,1
29,29,0,1,1,1,1,1,0,0,0,1
29,28,1,1,1,1,0,1,0,1,0,1
29,31,1,1,1,1,1,1,0,0,0,1
29,25,1,1,1,1,0,1,0,1,0,1
29,21,1,1,1,1,1,1,0,0,0,1
29,13,1,1,0,1,1,1,0,0,1,0
29,61,1,1,1,1,1,1,0,0,0,1
29,93,1,1,1,1,1,1,0,0,0,1
29,157,1,1,1,1,1,1,0,0,0,1
29,285,1,1,1,1,1,1,0,0,0,1
29,30,2,1,1,1,0,1,0,1,0,1
29,24,2,1,1,1,0,1,0,1,0,1
29,20,2,1,1,1,0,1,0,1,0,1
29,12,2,1,0,1,0,1,0,1,1,0
29,60,2,1,1,1,0,1,0,1,0,1
29,92,2,1,1,1,0,1,0,1,0,1
29,156,2,1,1,1,0,1,0,1,0,1
29,284,2,1,1,1,0,1,0,1,0,1
29,27,2,1,1,1,0,1,0,1,0,1
29,23,2,1,1,1,1,1,0,0,0,1
29,15,2,1,0,1,1,1,0,0,1,0
29,63,2,1,1,1,1,1,0,0,0,1
29,95,2,1,1,1,1,1,0,0,0,1
29,159,2,1,1,1,1,1,0,0,0,1
29,287,2,1,1,1,1,1,0,0,0,1
29,17,2,1,1,1,0,1,0,1,0,1
29,9,2,1,0,1,0,0,0,0,1,0
29,57,2,1,1,1,0,1,0,1,0,1
29,89,2,1,1,1,0,1,0,1,0,1
29,153,2,1,1,1,0,1,0,1,0,1
29,281,2,1,1,1,0,1,0,1,0,1
29,5,2,1,0,1,1,1,0,0,1,0
29,53,2,1,1,1,1,1,0,0,0,1
29,85,2,1,1,1,1,1,0,0,0,1
29,149,2,1,1,1,1,1,0,0,0,1
29,277,2,1,1,1,1,1,0,0,0,1
29,45,2,1,1,1,1,1,0,0,0,0
29,77,2,1,0,1,1,1,0,0,1,0
29,141,2,1,1,1,1,1,0,0,0,0
29,269,2,1,1,1,1,1,0,0,0,0
29,125,2,1,1,1,1,1,0,0,0,1
29,189,2,1,1,1,1,1,0,0,0,1
29,317,2,1,1,1,1,1,0,0,0,1
29,221,2,1,1,1,1,1,0,0,0,1
29,349,2,1,1,1,1,1,0,0,0,1
29,413,2,1,1,1,1,1,0,0,0,1
30,30,0,1,1,0,0,0,0,0,0,1
30,31,1,1,1,0,0,0,0,0,0,1
30,28,1,1,1,0,0,0,0,0,0,1
30,26,1,1,1,0,0,0,0,0,0,1
30,22,1,1,1,0,0,0,0,0,0,1
30,14,1,1,0,0,0,0,0,0,1,0
30,62,1,1,1,0,0,0,0,0,0,1
30,94,1,1,1,0,0,0,0,0,0,1
30,158,1,1,1,0,0,0,0,0,0,1
30,286,1,1,1,0,0,0,0,0,0,1
30,29,2,1,1,0,0,0,0,0,0,1
30,27,2,1,1,0,0,0,0,0,0,1
30,23,2,1,1,0,0,0,0,0,0,1
30,15,2,1,0,0,0,0,0,0,1,0
30,63,2,1,1,0,0,0,0,0,0,1
30,95,2,1,1,0,0,0,0,0,0,1
30,159,2,1,1,0,0,0,0,0,0,1
30,287,2,1,1,0,0,0,0,0,0,1
30,24,2,1,1,0,0,0,0,0,0,1
30,20,2,1,1,0,0,0,0,0,0,1
30,12,2,1,0,0,0,0,0,0,1,0
30,60,2,1,1,0,0,0,0,0,0,1
30,92,2,1,1,0,0,0,0,0,0,1
30,156,2,1,1,0,0,0,0,0,0,1
30,284,2,1,1,0,0,0,0,0,0,1
30,18,2,1,1,0,0,0,0,0,0,1
30,10,2,1,0,0,0,0,0,0,1,0
30,58,2,1,1,0,0,0,0,0,0,1
30,90,2,1,1,0,0,0,0,0,0,1
30,154,2,1,1,0,0,0,0,0,0,1
30,282,2,1,1,0,0,0,0,0,0,1
30,6,2,1,0,0,0,0,0,0,1,0
30,54,2,1,1,0,0,0,0,0,0,1
30,86,2,1,1,0,0,0,0,0,0,1
30,150,2,1,1,0,0,0,0,0,0,1
30,278,2,1,1,0,0,0,0,0,0,1
30,46,2,1,1,0,0,0,0,0,0,0
30,78,2,1,0,0,0,0,0,0,1,0
30,142,2,1,1,0,0,0,0,0,0,0
30,270,2,1,1,0,0,0,0,0,0,0
30,126,2,1,1,0,0,0,0,0,0,1
30,190,2,1,1,0,0,0,0,0,0,1
30,318,2,1,1,0,0,0,0,0,0,1
30,222,2,1,1,0,0,0,0,0,0,1
30,350,2,1,1,0,0,0,0,0,0,1
30,414,2,1,1,0,0,0,0,0,0,1
31,31,0,1,1,0,0,0,0,0,0,1
31,30,1,1,1,0,0,0,0,0,0,1
31,29,1,1,1,0,0,0,0,0,0,1
31,27,1,1,1,0,0,0,0,0,0,1
31,23,1,1,1,0,0,0,0,0,0,1
31,15,1,1,0,0,0,0,0,0,1,0
31,63,1,1,1,0,0,0,0,0,0,1
31,95,1,1,1,0,0,0,0,0,0,1
31,159,1,1,1,0,0,0,0,0,0,1
31,287,1,1,1,0,0,0,0,0,0,1
31,28,2,1,1,0,0,0,0,0,0,1
31,26,2,1,1,0,0,0,0,0,0,1
31,22,2,1,1,0,0,0,0,0,0,1
31,14,2,1,0,0,0,0,0,0,1,0
31,62,2,1,1,0,0,0,0,0,0,1
31,94,2,1,1,0,0,0,0,0,0,1
31,158,2,1,1,0,0,0,0,0,0,1
31,286,2,1,1,0,0,0,0,0,0,1
31,25,2,1,1,0,0,0,0,0,0,1
31,21,2,1,1,0,0,0,0,0,0,1
31,13,2,1,0,0,0,0,0,0,1,0
31,61,2,1,1,0,0,0,0,0,0,1
31,93,2,1,1,0,0,0,0,0,0,1
31,157,2,1,1,0,0,0,0,0,0,1
31,285,2,1,1,0,0,0,0,0,0,1
31,19,2,1,1,0,0,0,0,0,0,1
31,11,2,1,0,0,0,0,0,0,1,0
31,59,2,1,1,0,0,0,0,0,0,1
31,91,2,1,1,0,0,0,0,0,0,1
31,155,2,1,1,0,0,0,0,0,0,1
31,283,2,1,1,0,0,0,0,0,0,1
31,7,2,1,0,0,0,0,0,0,1,0
31,55,2,1,1,0,0,0,0,0,0,1
31,87,2,1,1,0,0,0,0,0,0,1
31,151,2,1,1,0,0,0,0,0,0,1
31,279,2,1,1,0,0,0,0,0,0,1
31,47,2,1,1,0,0,0,0,0,0,0
31,79,2,1,0,0,0,0,0,0,1,0
31,143,2,1,1,0,0,0,0,0,0,0
31,271,2,1,1,0,0,0,0,0,0,0
31,127,2,1,1,0,0,0,0,0,0,1
31,191,2,1,1,0,0,0,0,0,0,1
31,319,2,1,1,0,0,0,0,0,0,1
31,223,2,1,1,0,0,0,0,0,0,1
31,351,2,1,1,0,0,0,0,0,0,1
31,415,2,1,1,0,0,0,0,0,0,1
32,32,0,0,0,0,0,0,0,0,0,0
32,33,1,0,0,0,0,0,0,0,0,0
32,34,1,0,0,0,0,0,0,0,0,0
32,36,1,0,0,0,0,0,0,0,0,0
32,40,1,0,1,0,0,0,0,0,0,0
32,48,1,0,1,0,0,0,0,0,0,0
32,0,1,0,0,0,0,0,0,0,0,0
32,96,1,0,0,0,0,0,0,0,0,0
32,160,1,0,0,0,0,0,0,0,0,0
32,288,1,0,0,0,0,0,0,0,0,0
32,35,2,0,0,0,0,0,0,0,0,0
32,37,2,0,0,0,0,0,0,0,0,0
32,41,2,0,1,0,0,0,0,0,0,0
32,49,2,0,1,0,0,0,0,0,0,0
32,1,2,0,0,0,0,0,0,0,0,0
32,97,2,0,1,0,0,0,0,0,0,0
32,161,2,0,1,0,0,0,0,0,0,0
32,289,2,0,0,0,0,0,0,0,0,0
32,38,2,0,0,0,0,0,0,0,0,0
32,42,2,0,1,0,0,0,0,0,0,0
32,50,2,0,1,0,0,0,0,0,0,0
32,2,2,0,0,0,0,0,0,0,0,0
32,98,2,0,1,0,0,0,0,0,0,0
32,162,2,0,1,0,0,0,0,0,0,0
32,290,2,0,0,0,0,0,0,0,0,0
32,44,2,0,1,0,0,0,0,0,0,0
32,52,2,0,1,0,0,0,0,0,0,0
32,4,2,0,0,0,0,0,0,0,0,0
32,100,2,0,0,0,0,0,0,0,0,0
32,164,2,0,0,0,0,0,0,0,0,0
32,292,2,0,0,0,0,0,0,0,0,0
32,56,2,0,1,0,0,0,0,0,0,0
32,8,2,0,0,0,0,0,0,0,0,0
32,104,2,0,1,0,0,0,0,0,0,0
32,168,2,0,1,0,0,0,0,0,0,0
32,296,2,0,1,0,0,0,0,0,0,0
32,16,2,0,1,0,0,0,0,0,0,0
32,112,2,0,1,0,0,0,0,0,0,0
32,176,2,0,1,0,0,0,0,0,0,0
32,304,2,0,1,0,0,0,0,0,0,0
32,64,2,0,0,0,0,0,0,0,0,0
32,128,2,0,0,0,0,0,0,0,0,0
32,256,2,0,0,0,0,0,0,0,0,0
32,224,2,0,0,0,0,0,0,0,0,0
32,352,2,0,0,0,0,0,0,0,0,0
32,416,2,0,0,0,0,0,0,0,0,0
33,33,0,0,0,1,1,1,0,0,0,0
33,32,1,0,0,1,0,0,0,0,0,0
33,35,1,0,0,1,1,1,0,0,0,0
33,37,1,0,0,1,1,1,0,0,0,0
33,41,1,0,1,1,1,1,0,0,0,0
33,49,1,0,1,1,1,1,0,0,0,0
33,1,1,0,0,1,0,0,0,0,0,0
33,97,1,0,1,1,1,1,0,0,0,0
33,161,1,0,1,1,1,1,0,0,0,0
33,289,1,0,0,1,1,1,0,0,0,0
33,34,2,0,0,1,0,1,0,1,0,0
33,36,2,0,0,1,0,0,0,0,0,0
33,40,2,0,1,1,0,1,0,1,0,0
33,48,2,0,1,1,0,1,0,1,0,0
33,0,2,0,0,1,0,0,0,0,0,0
33,96,2,0,0,1,0,0,0,0,0,0
33,160,2,0,0,1,0,0,0,0,0,0
33,288,2,0,0,1,0,0,0,0,0,0
33,39,2,0,0,1,1,1,0,0,0,0
33,43,2,0,1,1,1,1,0,0,0,0
33,51,2,0,1,1,1,1,0,0,0,0
33,3,2,0,0,1,0,1,0,1,0,0
33,99,2,0,1,1,1,1,0,0,0,0
33,163,2,0,1,1,1,1,0,0,0,0
33,291,2,0,0,1,1,1,0,0,0,0
33,45,2,0,1,1,1,1,0,0,0,0
33,53,2,0,1,1,1,1,0,0,0,0
33,5,2,0,0,1,0,1,0,1,0,0
33,101,2,0,1,1,1,1,0,0,0,0
33,165,2,0,1,1,1,1,0,0,0,0
33,293,2,0,0,1,1,1,0,0,0,0
33,57,2,0,1,1,1,1,0,0,0,0
33,9,2,0,0,1,0,0,0,0,0,0
33,105,2,0,1,1,1,1,0,0,0,0
33,169,2,0,1,1,1,1,0,0,0,0
33,297,2,0,1,1,1,1,0,0,0,0
33,17,2,0,1,1,0,1,0,1,0,0
33,113,2,0,1,1,1,1,0,0,0,0
33,177,2,0,1,1,1,1,0,0,0,0
33,305,2,0,1,1,1,1,0,0,0,0
33,65,2,0,0,1,0,0,0,0,0,0
33,129,2,0,0,1,0,0,0,0,0,0
33,257,2,0,0,1,0,0,0,0,0,0
33,225,2,0,1,1,1,1,0,0,0,0
33,353,2,0,1,1,1,1,0,0,0,0
33,417,2,0,1,1,1,1,0,0,0,0
34,34,0,0,0,0,0,0,0,0,0,0
34,35,1,0,0,0,0,0,0,0,0,0
34,32,1,0,0,0,0,0,0,0,0,0
34,38,1,0,0,0,0,0,0,0,0,0
34,42,1,0,1,0,0,0,0,0,0,0
34,50,1,0,1,0,0,0,0,0,0,0
34,2,1,0,0,0,0,0,0,0,0,0
34,98,1,0,1,0,0,0,0,0,0,0
34,162,1,0,1,0,0,0,0,0,0,0
34,290,1,0,0,0,0,0,0,0,0,0
34,33,2,0,0,0,0,0,0,0,0,0
34,39,2,0,0,0,0,0,0,0,0,0
34,43,2,0,1,0,0,0,0,0,0,0
34,51,2,0,1,0,0,0,0,0,0,0
34,3,2,0,0,0,0,0,0,0,0,0
34,99,2,0,1,0,0,0,0,0,0,0
34,163,2,0,1,0,0,0,0,0,0,0
34,291,2,0,0,0,0,0,0,0,0,0
34,36,2,0,0,0,0,0,0,0,0,0
34,40,2,0,1,0,0,0,0,0,0,0
34,48,2,0,1,0,0,0,0,0,0,0
34,0,2,0,0,0,0,0,0,0,0,0
34,96,2,0,0,0,0,0,0,0,0,0
34,160,2,0,0,0,0,0,0,0,0,0
34,288,2,0,0,0,0,0,0,0,0,0
34,46,2,0,1,0,0,0,0,0,0,0
34,54,2,0,1,0,0,0,0,0,0,0
34,6,2,0,0,0,0,0,0,0,0,0
34,102,2,0,1,0,0,0,0,0,0,0
34,166,2,0,1,0,0,0,0,0,0,0
34,294,2,0,0,0,0,0,0,0,0,0
34,58,2,0,1,0,0,0,0,0,0,0
34,10,2,0,0,0,0,0,0,0,0,0
34,106,2,0,1,0,0,0,0,0,0,0
34,170,2,0,1,0,0,0,0,0,0,0
34,298,2,0,1,0,0,0,0,0,0,0
34,18,2,0,1,0,0,0,0,0,0,0
34,114,2,0,1,0,0,0,0,0,0,0
34,178,2,0,1,0,0,0,0,0,0,0
34,306,2,0,1,0,0,0,0,0,0,0
34,66,2,0,0,0,0,0,0,0,0,0
34,130,2,0,1,0,0,0,0,0,0,0
34,258,2,0,0,0,0,0,0,0,0,0
34,226,2,0,1,0,0,0,0,0,0,0
34,354,2,0,1,0,0,0,0,0,0,0
34,418,2,0,1,0,0,0,0,0,0,0
35,35,0,0,0,0,0,0,0,0,0,0
35,34,1,0,0,0,0,0,0,0,0,0
35,33,1,0,0,0,0,0,0,0,0,0
35,39,1,0,0,0,0,0,0,0,0,0
35,43,1,0,1,0,0,0,0,0,0,0
35,51,1,0,1,0,0,0,0,0,0,0
35,3,1,0,0,0,0,0,0,0,0,0
35,99,1,0,1,0,0,0,0,0,0,0
35,163,1,0,1,0,0,0,0,0,0,0
35,291,1,0,0,0,0,0,0,0,0,0
35,32,2,0,0,0,0,0,0,0,0,0
35,38,2,0,0,0,0,0,0,0,0,0
35,42,2,0,1,0,0,0,0,0,0,0
35,50,2,0,1,0,0,0,0,0,0,0
35,2,2,0,0,0,0,0,0,0,0,0
35,98,2,0,1,0,0,0,0,0,0,0
35,162,2,0,1,0,0,0,0,0,0,0
35,290,2,0,0,0,0,0,0,0,0,0
35,37,2,0,0,0,0,0,0,0,0,0
35,41,2,0,1,0,0,0,0,0,0,0
35,49,2,0,1,0,0,0,0,0,0,0
35,1,2,0,0,0,0,0,0,0,0,0
35,97,2,0,1,0,0,0,0,0,0,0
35,161,2,0,1,0,0,0,0,0,0,0
35,289,2,0,0,0,0,0,0,0,0,0
35,47,2,0,1,0,0,0,0,0,0,0
35,55,2,0,1,0,0,0,0,0,0,0
35,7,2,0,0,0,0,0,0,0,0,0
35,103,2,0,1,0,0,0,0,0,0,0
35,167,2,0,1,0,0,0,0,0,0,0
35,295,2,0,0,0,0,0,0,0,0,0
35,59,2,0,1,0,0,0,0,0,0,0
35,11,2,0,0,0,0,0,0,0,0,0
35,107,2,0,1,0,0,0,0,0,0,0
35,171,2,0,1,0,0,0,0,0,0,0
35,299,2,0,1,0,0,0,0,0,0,0
35,19,2,0,1,0,0,0,0,0,0,0
35,115,2,0,1,0,0,0,0,0,0,0
35,179,2,0,1,0,0,0,0,0,0,0
35,307,2,0,1,0,0,0,0,0,0,0
35,67,2,0,0,0,0,0,0,0,0,0
35,131,2,0,1,0,0,0,0,0,0,0
35,259,2,0,0,0,0,0,0,0,0,0
35,227,2,0,1,0,0,0,0,0,0,0
35,355,2,0,1,0,0,0,0,0,0,0
35,419,2,0,1,0,0,0,0,0,0,0
36,36,0,0,0,0,0,0,0,0,0,0
36,37,1,0,0,0,0,0,0,0,0,0
36,38,1,0,0,0,0,0,0,0,0,0
36,32,1,0,0,0,0,0,0,0,0,0
36,44,1,0,1,0,0,0,0,0,0,0
36,52,1,0,1,0,0,0,0,0,0,0
36,4,1,0,0,0,0,0,0,0,0,0
36,100,1,0,0,0,0,0,0,0,0,0
36,164,1,0,0,0,0,0,0,0,0,0
36,292,1,0,0,0,0,0,0,0,0,0
36,39,2,0,0,0,0,0,0,0,0,0
36,33,2,0,0,0,0,0,0,0,0,0
36,45,2,0,1,0,0,0,0,0,0,0
36,53,2,0,1,0,0,0,0,0,0,0
36,5,2,0,0,0,0,0,0,0,0,0
36,101,2,0,1,0,0,0,0,0,0,0
36,165,2,0,1,0,0,0,0,0,0,0
36,293,2,0,0,0,0,0,0,0,0,0
36,34,2,0,0,0,0,0,0,0,0,0
36,46,2,0,1,0,0,0,0,0,0,0
36,54,2,0,1,0,0,0,0,0,0,0
36,6,2,0,0,0,0,0,0,0,0,0
36,102,2,0,1,0,0,0,0,0,0,0
36,166,2,0,1,0,0,0,0,0,0,0
36,294,2,0,0,0,0,0,0,0,0,0
36,40,2,0,1,0,0,0,0,0,0,0
36,48,2,0,1,0,0,0,0,0,0,0
36,0,2,0,0,0,0,0,0,0,0,0
36,96,2,0,0,0,0,0,0,0,0,0
36,160,2,0,0,0,0,0,0,0,0,0
36,288,2,0,0,0,0,0,0,0,0,0
36,60,2,0,1,0,0,0,0,0,0,0
36,12,2,0,0,0,0,0,0,0,0,0
36,108,2,0,1,0,0,0,0,0,0,0
36,172,2,0,1,0,0,0,0,0,0,0
36,300,2,0,1,0,0,0,0,0,0,0
36,20,2,0,1,0,0,0,0,0,0,0
36,116,2,0,1,0,0,0,0,0,0,0
36,180,2,0,1,0,0,0,0,0,0,0
36,308,2,0,1,0,0,0,0,0,0,0
36,68,2,0,0,0,0,0,0,0,0,0
36,132,2,0,0,0,0,0,0,0,0,0
36,260,2,0,0,0,0,0,0,0,0,0
36,228,2,0,0,0,0,0,0,0,0,0
36,356,2,0,0,0,0,0,0,0,0,0
36,420,2,0,0,0,0,0,0,0,0,0
37,37,0,0,0,1,1,1,0,0,0,0
37,36,1,0,0,1,0,0,0,0,0,0
37,39,1,0,0,1,1,1,0,0,0,0
37,33,1,0,0,1,0,1,0,1,0,0
37,45,1,0,1,1,1,1,0,0,0,0
37,53,1,0,1,1,1,1,0,0,0,0
37,5,1,0,0,1,1,1,0,0,0,0
37,101,1,0,1,1,1,1,0,0,0,0
37,165,1,0,1,1,1,1,0,0,0,0
37,293,1,0,0,1,1,1,0,0,0,0
37,38,2,0,0,1,0,1,0,1,0,0
37,32,2,0,0,1,0,0,0,0,0,0
37,44,2,0,1,1,0,1,0,1,0,0
37,52,2,0,1,1,0,1,0,1,0,0
37,4,2,0,0,1,0,0,0,0,0,0
37,100,2,0,0,1,0,0,0,0,0,0
37,164,2,0,0,1,0,0,0,0,0,0
37,292,2,0,0,1,0,0,0,0,0,0
37,35,2,0,0,1,0,1,0,1,0,0
37,47,2,0,1,1,1,1,0,0,0,0
37,55,2,0,1,1,1,1,0,0,0,0
37,7,2,0,0,1,1,1,0,0,0,0
37,103,2,0,1,1,1,1,0,0,0,0
37,167,2,0,1,1,1,1,0,0,0,0
37,295,2,0,0,1,1,1,0,0,0,0
37,41,2,0,1,1,0,1,0,1,0,0
37,49,2,0,1,1,0,1,0,1,0,0
37,1,2,0,0,1,0,0,0,0,0,0
37,97,2,0,1,1,0,1,0,1,0,0
37,161,2,0,1,1,0,1,0,1,0,0
37,289,2,0,0,1,0,1,0,1,0,0
37,61,2,0,1,1,1,1,0,0,0,0
37,13,2,0,0,1,1,1,0,0,0,0
37,109,2,0,1,1,1,1,0,0,0,0
37,173,2,0,1,1,1,1,0,0,0,0
37,301,2,0,1,1,1,1,0,0,0,0
37,21,2,0,1,1,1,1,0,0,0,0
37,117,2,0,1,1,1,1,0,0,0,0
37,181,2,0,1,1,1,1,0,0,0,0
37,309,2,0,1,1,1,1,0,0,0,0
37,69,2,0,0,1,1,1,0,0,0,0
37,133,2,0,1,1,1,1,0,0,0,0
37,261,2,0,0,1,1,1,0,0,0,0
37,229,2,0,1,1,1,1,0,0,0,0
37,357,2,0,1,1,1,1,0,0,0,0
37,421,2,0,1,1,1,1,0,0,0,0
38,38,0,0,0,0,0,0,0,0,0,0
38,39,1,0,0,0,0,0,0,0,0,0
38,36,1,0,0,0,0,0,0,0,0,0
38,34,1,0,0,0,0,0,0,0,0,0
38,46,1,0,1,0,0,0,0,0,0,0
38,54,1,0,1,0,0,0,0,0,0,0
38,6,1,0,0,0,0,0,0,0,0,0
38,102,1,0,1,0,0,0,0,0,0,0
38,166,1,0,1,0,0,0,0,0,0,0
38,294,1,0,0,0,0,0,0,0,0,0
38,37,2,0,0,0,0,0,0,0,0,0
38,35,2,0,0,0,0,0,0,0,0,0
38,47,2,0,1,0,0,0,0,0,0,0
38,55,2,0,1,0,0,0,0,0,0,0
38,7,2,0,0,0,0,0,0,0,0,0
38,103,2,0,1,0,0,0,0,0,0,0
38,167,2,0,1,0,0,0,0,0,0,0
38,295,2,0,0,0,0,0,0,0,0,0
38,32,2,0,0,0,0,0,0,0,0,0
38,44,2,0,1,0,0,0,0,0,0,0
38,52,2,0,1,0,0,0,0,0,0,0
38,4,2,0,0,0,0,0,0,0,0,0
38,100,2,0,0,0,0,0,0,0,0,0
38,164,2,0,0,0,0,0,0,0,0,0
38,292,2,0,0,0,0,0,0,0,0,0
38,42,2,0,1,0,0,0,0,0,0,0
38,50,2,0,1,0,0,0,0,0,0,0
38,2,2,0,0,0,0,0,0,0,0,0
38,98,2,0,1,0,0,0,0,0,0,0
38,162,2,0,1,0,0,0,0,0,0,0
38,290,2,0,0,0,0,0,0,0,0,0
38,62,2,0,1,0,0,0,0,0,0,0
38,14,2,0,0,0,0,0,0,0,0,0
38,110,2,0,1,0,0,0,0,0,0,0
38,174,2,0,1,0,0,0,0,0,0,0
38,302,2,0,1,0,0,0,0,0,0,0
38,22,2,0,1,0,0,0,0,0,0,0
38,118,2,0,1,0,0,0,0,0,0,0
38,182,2,0,1,0,0,0,0,0,0,0
38,310,2,0,1,0,0,0,0,0,0,0
38,70,2,0,0,0,0,0,0,0,0,0
38,134,2,0,1,0,0,0,0,0,0,0
38,262,2,0,0,0,0,0,0,0,0,0
38,230,2,0,1,0,0,0,0,0,0,0
38,358,2,0,1,0,0,0,0,0,0,0
38,422,2,0,1,0,0,0,0,0,0,0
39,39,0,0,0,0,0,0,0,0,0,0
39,38,1,0,0,0,0,0,0,0,0,0
39,37,1,0,0,0,0,0,0,0,0,0
39,35,1,0,0,0,0,0,0,0,0,0
39,47,1,0,1,0,0,0,0,0,0,0
39,55,1,0,1,0,0,0,0,0,0,0
39,7,1,0,0,0,0,0,0,0,0,0
39,103,1,0,1,0,0,0,0,0,0,0
39,167,1,0,1,0,0,0,0,0,0,0
39,295,1,0,0,0,0,0,0,0,0,0
39,36,2,0,0,0,0,0,0,0,0,0
39,34,2,0,0,0,0,0,0,0,0,0
39,46,2,0,1,0,0,0,0,0,0,0
39,54,2,0,1,0,0,0,0,0,0,0
39,6,2,0,0,0,0,0,0,0,0,0
39,102,2,0,1,0,0,0,0,0,0,0
39,166,2,0,1,0,0,0,0,0,0,0
39,294,2,0,0,0,0,0,0,0,0,0
39,33,2,0,0,0,0,0,0,0,0,0
39,45,2,0,1,0,0,0,0,0,0,0
39,53,2,0,1,0,0,0,0,0,0,0
39,5,2,0,0,0,0,0,0,0,0,0
39,101,2,0,1,0,0,0,0,0,0,0
39,165,2,0,1,0,0,0,0,0,0,0
39,293,2,0,0,0,0,0,0,0,0,0
39,43,2,0,1,0,0,0,0,0,0,0
39,51,2,0,1,0,0,0,0,0,0,0
39,3,2,0,0,0,0,0,0,0,0,0
39,99,2,0,1,0,0,0,0,0,0,0
39,163,2,0,1,0,0,0,0,0,0,0
39,291,2,0,0,0,0,0,0,0,0,0
39,63,2,0,1,0,0,0,0,0,0,0
39,15,2,0,0,0,0,0,0,0,0,0
39,111,2,0,1,0,0,0,0,0,0,0
39,175,2,0,1,0,0,0,0,0,0,0
39,303,2,0,1,0,0,0,0,0,0,0
39,23,2,0,1,0,0,0,0,0,0,0
39,119,2,0,1,0,0,0,0,0,0,0
39,183,2,0,1,0,0,0,0,0,0,0
39,311,2,0,1,0,0,0,0,0,0,0
39,71,2,0,0,0,0,0,0,0,0,0
39,135,2,0,1,0,0,0,0,0,0,0
39,263,2,0,0,0,0,0,0,0,0,0
39,231,2,0,1,0,0,0,0,0,0,0
39,359,2,0,1,0,0,0,0,0,0,0
39,423,2,0,1,0,0,0,0,0,0,0
40,40,0,1,1,1,1,1,0,0,0,1
40,41,1,1,1,1,1,1,0,0,0,1
40,42,1,1,1,1,1,1,0,0,0,1
40,44,1,1,1,1,1,1,0,0,0,1
40,32,1,1,0,1,0,0,0,0,1,0
40,56,1,1,1,1,1,1,0,0,0,1
40,8,1,1,0,1,0,0,0,0,1,0
40,104,1,1,1,1,1,1,0,0,0,1
40,168,1,1,1,1,1,1,0,0,0,1
40,296,1,1,1,1,1,1,0,0,0,1
40,43,2,1,1,1,1,1,0,0,0,1
40,45,2,1,1,1,1,1,0,0,0,1
40,33,2,1,0,1,0,0,0,0,1,0
40,57,2,1,1,1,1,1,0,0,0,1
40,9,2,1,0,1,0,0,0,0,1,0
40,105,2,1,1,1,1,1,0,0,0,1
40,169,2,1,1,1,1,1,0,0,0,1
40,297,2,1,1,1,1,1,0,0,0,1
40,46,2,1,1,1,1,1,0,0,0,1
40,34,2,1,0,1,0,0,0,0,1,0
40,58,2,1,1,1,1,1,0,0,0,1
40,10,2,1,0,1,0,0,0,0,1,0
40,106,2,1,1,1,1,1,0,0,0,1
40,170,2,1,1,1,1,1,0,0,0,1
40,298,2,1,1,1,1,1,0,0,0,1
40,36,2,1,0,1,0,0,0,0,1,0
40,60,2,1,1,1,1,1,0,0,0,1
40,12,2,1,0,1,0,0,0,0,1,0
40,108,2,1,1,1,1,1,0,0,0,1
40,172,2,1,1,1,1,1,0,0,0,1
40,300,2,1,1,1,1,1,0,0,0,1
40,48,2,1,1,1,0,1,0,1,0,0
40,0,2,1,0,1,0,0,0,0,1,0
40,96,2,1,0,1,0,0,0,0,1,0
40,160,2,1,0,1,0,0,0,0,1,0
40,288,2,1,0,1,0,0,0,0,1,0
40,24,2,1,1,1,0,1,0,1,0,0
40,120,2,1,1,1,1,1,0,0,0,1
40,184,2,1,1,1,1,1,0,0,0,1
40,312,2,1,1,1,1,1,0,0,0,1
40,72,2,1,0,1,0,0,0,0,1,0
40,136,2,1,0,1,0,0,0,0,1,0
40,264,2,1,0,1,0,0,0,0,1,0
40,232,2,1,1,1,1,1,0,0,0,1
40,360,2,1,1,1,1,1,0,0,0,1
40,424,2,1,1,1,1,1,0,0,0,1
41,41,0,1,1,2,2,2,0,0,0,1
41,40,1,1,1,2,1,2,0,1,0,1
41,43,1,1,1,2,2,2,0,0,0,1
41,45,1,1,1,2,2,2,0,0,0,1
41,33,1,1,0,2,1,1,0,0,1,0
41,57,1,1,1,2,2,2,0,0,0,1
41,9,1,1,0,2,0,0,0,0,1,0
41,105,1,1,1,2,2,2,0,0,0,1
41,169,1,1,1,2,2,2,0,0,0,1
41,297,1,1,1,2,2,2,0,0,0,1
41,42,2,1,1,2,1,2,0,1,0,1
41,44,2,1,1,2,1,2,0,1,0,1
41,32,2,1,0,2,0,0,0,0,1,0
41,56,2,1,1,2,1,2,0,1,0,1
41,8,2,1,0,2,0,0,0,0,1,0
41,104,2,1,1,2,1,2,0,1,0,1
41,168,2,1,1,2,1,2,0,1,0,1
41,296,2,1,1,2,1,2,0,1,0,1
41,47,2,1,1,2,2,2,0,0,0,1
41,35,2,1,0,2,1,1,0,0,1,0
41,59,2,1,1,2,2,2,0,0,0,1
41,11,2,1,0,2,0,1,0,1,1,0
41,107,2,1,1,2,2,2,0,0,0,1
41,171,2,1,1,2,2,2,0,0,0,1
41,299,2,1,1,2,2,2,0,0,0,1
41,37,2,1,0,2,1,1,0,0,1,0
41,61,2,1,1,2,2,2,0,0,0,1
41,13,2,1,0,2,0,1,0,1,1,0
41,109,2,1,1,2,2,2,0,0,0,1
41,173,2,1,1,2,2,2,0,0,0,1
41,301,2,1,1,2,2,2,0,0,0,1
41,49,2,1,1,2,1,2,0,1,0,0
41,1,2,1,0,2,0,0,0,0,1,0
41,97,2,1,1,2,1,2,0,1,0,0
41,161,2,1,1,2,1,2,0,1,0,0
41,289,2,1,0,2,1,1,0,0,1,0
41,25,2,1,1,2,0,2,0,2,0,0
41,121,2,1,1,2,2,2,0,0,0,1
41,185,2,1,1,2,2,2,0,0,0,1
41,313,2,1,1,2,2,2,0,0,0,1
41,73,2,1,0,2,0,0,0,0,1,0
41,137,2,1,0,2,0,0,0,0,1,0
41,265,2,1,0,2,0,0,0,0,1,0
41,233,2,1,1,2,2,2,0,0,0,1
41,361,2,1,1,2,2,2,0,0,0,1
41,425,2,1,1,2,2,2,0,0,0,1
42,42,0,1,1,1,1,1,0,0,0,1
42,43,1,1,1,1,1,1,0,0,0,1
42,40,1,1,1,1,1,1,0,0,0,1
42,46,1,1,1,1,1,1,0,0,0,1
42,34,1,1,0,1,0,0,0,0,1,0
42,58,1,1,1,1,1,1,0,0,0,1
42,10,1,1,0,1,0,0,0,0,1,0
42,106,1,1,1,1,1,1,0,0,0,1
42,170,1,1,1,1,1,1,0,0,0,1
42,298,1,1,1,1,1,1,0,0,0,1
42,41,2,1,1,1,1,1,0,0,0,1
42,47,2,1,1,1,1,1,0,0,0,1
42,35,2,1,0,1,0,0,0,0,1,0
42,59,2,1,1,1,1,1,0,0,0,1
42,11,2,1,0,1,0,0,0,0,1,0
42,107,2,1,1,1,1,1,0,0,0,1
42,171,2,1,1,1,1,1,0,0,0,1
42,299,2,1,1,1,1,1,0,0,0,1
42,44,2,1,1,1,1,1,0,0,0,1
42,32,2,1,0,1,0,0,0,0,1,0
42,56,2,1,1,1,1,1,0,0,0,1
42,8,2,1,0,1,0,0,0,0,1,0
42,104,2,1,1,1,1,1,0,0,0,1
42,168,2,1,1,1,1,1,0,0,0,1
42,296,2,1,1,1,1,1,0,0,0,1
42,38,2,1,0,1,0,0,0,0,1,0
42,62,2,1,1,1,1,1,0,0,0,1
42,14,2,1,0,1,0,0,0,0,1,0
42,110,2,1,1,1,1,1,0,0,0,1
42,174,2,1,1,1,1,1,0,0,0,1
42,302,2,1,1,1,1,1,0,0,0,1
42,50,2,1,1,1,0,1,0,1,0,0
42,2,2,1,0,1,0,0,0,0,1,0
42,98,2,1,1,1,0,1,0,1,0,0
42,162,2,1,1,1,0,1,0,1,0,0
42,290,2,1,0,1,0,0,0,0,1,0
42,26,2,1,1,1,0,1,0,1,0,0
42,122,2,1,1,1,1,1,0,0,0,1
42,186,2,1,1,1,1,1,0,0,0,1
42,314,2,1,1,1,1,1,0,0,0,1
42,74,2,1,0,1,0,0,0,0,1,0
42,138,2,1,1,1,0,1,0,1,0,0
42,266,2,1,1,1,0,1,0,1,0,0
42,234,2,1,1,1,1,1,0,0,0,1
42,362,2,1,1,1,1,1,0,0,0,1
42,426,2,1,1,1,1,1,0,0,0,1
43,43,0,1,1,1,1,1,0,0,0,1
43,42,1,1,1,1,1,1,0,0,0,1
43,41,1,1,1,1,1,1,0,0,0,1
43,47,1,1,1,1,1,1,0,0,0,1
43,35,1,1,0,1,0,0,0,0,1,0
43,59,1,1,1,1,1,1,0,0,0,1
43,11,1,1,0,1,0,0,0,0,1,0
43,107,1,1,1,1,1,1,0,0,0,1
43,171,1,1,1,1,1,1,0,0,0,1
43,299,1,1,1,1,1,1,0,0,0,1
43,40,2,1,1,1,1,1,0,0,0,1
43,46,2,1,1,1,1,1,0,0,0,1
43,34,2,1,0,1,0,0,0,0,1,0
43,58,2,1,1,1,1,1,0,0,0,1
43,10,2,1,0,1,0,0,0,0,1,0
43,106,2,1,1,1,1,1,0,0,0,1
43,170,2,1,1,1,1,1,0,0,0,1
43,298,2,1,1,1,1,1,0,0,0,1
43,45,2,1,1,1,1,1,0,0,0,1
43,33,2,1,0,1,0,0,0,0,1,0
43,57,2,1,1,1,1,1,0,0,0,1
43,9,2,1,0,1,0,0,0,0,1,0
43,105,2,1,1,1,1,1,0,0,0,1
43,169,2,1,1,1,1,1,0,0,0,1
43,297,2,1,1,1,1,1,0,0,0,1
43,39,2,1,0,1,0,0,0,0,1,0
43,63,2,1,1,1,1,1,0,0,0,1
43,15,2,1,0,1,0,0,0,0,1,0
43,111,2,1,1,1,1,1,0,0,0,1
43,175,2,1,1,1,1,1,0,0,0,1
43,303,2,1,1,1,1,1,0,0,0,1
43,51,2,1,1,1,0,1,0,1,0,0
43,3,2,1,0,1,0,0,0,0,1,0
43,99,2,1,1,1,0,1,0,1,0,0
43,163,2,1,1,1,0,1,0,1,0,0
43,291,2,1,0,1,0,0,0,0,1,0
43,27,2,1,1,1,0,1,0,1,0,0
43,123,2,1,1,1,1,1,0,0,0,1
43,187,2,1,1,1,1,1,0,0,0,1
43,315,2,1,1,1,1,1,0,0,0,1
43,75,2,1,0,1,0,0,0,0,1,0
43,139,2,1,1,1,0,1,0,1,0,0
43,267,2,1,1,1,0,1,0,1,0,0
43,235,2,1,1,1,1,1,0,0,0,1
43,363,2,1,1,1,1,1,0,0,0,1
43,427,2,1,1,1,1,1,0,0,0,1
44,44,0,1,1,2,2,2,0,0,0,1
44,45,1,1,1,2,2,2,0,0,0,1
44,46,1,1,1,2,2,2,0,0,0,1
44,40,1,1,1,2,1,2,0,1,0,1
44,36,1,1,0,2,0,0,0,0,1,0
44,60,1,1,1,2,2,2,0,0,0,1
44,12,1,1,0,2,1,1,0,0,1,0
44,108,1,1,1,2,2,2,0,0,0,1
44,172,1,1,1,2,2,2,0,0,0,1
44,300,1,1,1,2,2,2,0,0,0,1
44,47,2,1,1,2,2,2,0,0,0,1
44,41,2,1,1,2,1,2,0,1,0,1
44,37,2,1,0,2,0,1,0,1,1,0
44,61,2,1,1,2,2,2,0,0,0,1
44,13,2,1,0,2,1,1,0,0,1,0
44,109,2,1,1,2,2,2,0,0,0,1
44,173,2,1,1,2,2,2,0,0,0,1
44,301,2,1,1,2,2,2,0,0,0,1
44,42,2,1,1,2,1,2,0,1,0,1
44,38,2,1,0,2,0,1,0,1,1,0
44,62,2,1,1,2,2,2,0,0,0,1
44,14,2,1,0,2,1,1,0,0,1,0
44,110,2,1,1,2,2,2,0,0,0,1
44,174,2,1,1,2,2,2,0,0,0,1
44,302,2,1,1,2,2,2,0,0,0,1
44,32,2,1,0,2,0,0,0,0,1,0
44,56,2,1,1,2,1,2,0,1,0,1
44,8,2,1,0,2,0,0,0,0,1,0
44,104,2,1,1,2,1,2,0,1,0,1
44,168,2,1,1,2,1,2,0,1,0,1
44,296,2,1,1,2,1,2,0,1,0,1
44,52,2,1,1,2,0,2,0,2,0,0
44,4,2,1,0,2,0,0,0,0,1,0
44,100,2,1,0,2,0,0,0,0,1,0
44,164,2,1,0,2,0,0,0,0,1,0
44,292,2,1,0,2,0,0,0,0,1,0
44,28,2,1,1,2,1,2,0,1,0,0
44,124,2,1,1,2,2,2,0,0,0,1
44,188,2,1,1,2,2,2,0,0,0,1
44,316,2,1,1,2,2,2,0,0,0,1
44,76,2,1,0,2,1,1,0,0,1,0
44,140,2,1,1,2,1,2,0,1,0,0
44,268,2,1,1,2,1,2,0,1,0,0
44,236,2,1,1,2,2,2,0,0,0,1
44,364,2,1,1,2,2,2,0,0,0,1
44,428,2,1,1,2,2,2,0,0,0,1
45,45,0,1,1,2,2,2,0,0,0,1
45,44,1,1,1,2,1,2,0,1,0,1
45,47,1,1,1,2,2,2,0,0,0,1
45,41,1,1,1,2,1,2,0,1,0,1
45,37,1,1,0,2,1,1,0,0,1,0
45,61,1,1,1,2,2,2,0,0,0,1
45,13,1,1,0,2,1,1,0,0,1,0
45,109,1,1,1,2,2,2,0,0,0,1
45,173,1,1,1,2,2,2,0,0,0,1
45,301,1,1,1,2,2,2,0,0,0,1
45,46,2,1,1,2,1,2,0,1,0,1
45,40,2,1,1,2,1,2,0,1,0,1
45,36,2,1,0,2,0,0,0,0,1,0
45,60,2,1,1,2,1,2,0,1,0,1
45,12,2,1,0,2,0,1,0,1,1,0
45,108,2,1,1,2,1,2,0,1,0,1
45,172,2,1,1,2,1,2,0,1,0,1
45,300,2,1,1,2,1,2,0,1,0,1
45,43,2,1,1,2,1,2,0,1,0,1
45,39,2,1,0,2,1,1,0,0,1,0
45,63,2,1,1,2,2,2,0,0,0,1
45,15,2,1,0,2,1,1,0,0,1,0
45,111,2,1,1,2,2,2,0,0,0,1
45,175,2,1,1,2,2,2,0,0,0,1
45,303,2,1,1,2,2,2,0,0,0,1
45,33,2,1,0,2,0,1,0,1,1,0
45,57,2,1,1,2,1,2,0,1,0,1
45,9,2,1,0,2,0,0,0,0,1,0
45,105,2,1,1,2,1,2,0,1,0,1
45,169,2,1,1,2,1,2,0,1,0,1
45,297,2,1,1,2,1,2,0,1,0,1
45,53,2,1,1,2,1,2,0,1,0,0
45,5,2,1,0,2,1,1,0,0,1,0
45,101,2,1,1,2,1,2,0,1,0,0
45,165,2,1,1,2,1,2,0,1,0,0
45,293,2,1,0,2,1,1,0,0,1,0
45,29,2,1,1,2,1,2,0,1,0,0
45,125,2,1,1,2,2,2,0,0,0,1
45,189,2,1,1,2,2,2,0,0,0,1
45,317,2,1,1,2,2,2,0,0,0,1
45,77,2,1,0,2,1,1,0,0,1,0
45,141,2,1,1,2,1,2,0,1,0,0
45,269,2,1,1,2,1,2,0,1,0,0
45,237,2,1,1,2,2,2,0,0,0,1
45,365,2,1,1,2,2,2,0,0,0,1
45,429,2,1,1,2,2,2,0,0,0,1
46,46,0,1,1,1,1,1,0,0,0,1
46,47,1,1,1,1,1,1,0,0,0,1
46,44,1,1,1,1,1,1,0,0,0,1
46,42,1,1,1,1,1,1,0,0,0,1
46,38,1,1,0,1,0,0,0,0,1,0
46,62,1,1,1,1,1,1,0,0,0,1
46,14,1,1,0,1,0,0,0,0,1,0
46,110,1,1,1,1,1,1,0,0,0,1
46,174,1,1,1,1,1,1,0,0,0,1
46,302,1,1,1,1,1,1,0,0,0,1
46,45,2,1,1,1,1,1,0,0,0,1
46,43,2,1,1,1,1,1,0,0,0,1
46,39,2,1,0,1,0,0,0,0,1,0
46,63,2,1,1,1,1,1,0,0,0,1
46,15,2,1,0,1,0,0,0,0,1,0
46,111,2,1,1,1,1,1,0,0,0,1
46,175,2,1,1,1,1,1,0,0,0,1
46,303,2,1,1,1,1,1,0,0,0,1
46,40,2,1,1,1,1,1,0,0,0,1
46,36,2,1,0,1,0,0,0,0,1,0
46,60,2,1,1,1,1,1,0,0,0,1
46,12,2,1,0,1,0,0,0,0,1,0
46,108,2,1,1,1,1,1,0,0,0,1
46,172,2,1,1,1,1,1,0,0,0,1
46,300,2,1,1,1,1,1,0,0,0,1
46,34,2,1,0,1,0,0,0,0,1,0
46,58,2,1,1,1,1,1,0,0,0,1
46,10,2,1,0,1,0,0,0,0,1,0
46,106,2,1,1,1,1,1,0,0,0,1
46,170,2,1,1,1,1,1,0,0,0,1
46,298,2,1,1,1,1,1,0,0,0,1
46,54,2,1,1,1,0,1,0,1,0,0
46,6,2,1,0,1,0,0,0,0,1,0
46,102,2,1,1,1,0,1,0,1,0,0
46,166,2,1,1,1,0,1,0,1,0,0
46,294,2,1,0,1,0,0,0,0,1,0
46,30,2,1,1,1,0,1,0,1,0,0
46,126,2,1,1,1,1,1,0,0,0,1
46,190,2,1,1,1,1,1,0,0,0,1
46,318,2,1,1,1,1,1,0,0,0,1
46,78,2,1,0,1,0,0,0,0,1,0
46,142,2,1,1,1,0,1,0,1,0,0
46,270,2,1,1,1,0,1,0,1,0,0
46,238,2,1,1,1,1,1,0,0,0,1
46,366,2,1,1,1,1,1,0,0,0,1
46,430,2,1,1,1,1,1,0,0,0,1
47,47,0,1,1,1,1,1,0,0,0,1
47,46,1,1,1,1,1,1,0,0,0,1
47,45,1,1,1,1,1,1,0,0,0,1
47,43,1,1,1,1,1,1,0,0,0,1
47,39,1,1,0,1,0,0,0,0,1,0
47,63,1,1,1,1,1,1,0,0,0,1
47,15,1,1,0,1,0,0,0,0,1,0
47,111,1,1,1,1,1,1,0,0,0,1
47,175,1,1,1,1,1,1,0,0,0,1
47,303,1,1,1,1,1,1,0,0,0,1
47,44,2,1,1,1,1,1,0,0,0,1
47,42,2,1,1,1,1,1,0,0,0,1
47,38,2,1,0,1,0,0,0,0,1,0
47,62,2,1,1,1,1,1,0,0,0,1
47,14,2,1,0,1,0,0,0,0,1,0
47,110,2,1,1,1,1,1,0,0,0,1
47,174,2,1,1,1,1,1,0,0,0,1
47,302,2,1,1,1,1,1,0,0,0,1
47,41,2,1,1,1,1,1,0,0,0,1
47,37,2,1,0,1,0,0,0,0,1,0
47,61,2,1,1,1,1,1,0,0,0,1
47,13,2,1,0,1,0,0,0,0,1,0
47,109,2,1,1,1,1,1,0,0,0,1
47,173,2,1,1,1,1,1,0,0,0,1
47,301,2,1,1,1,1,1,0,0,0,1
47,35,2,1,0,1,0,0,0,0,1,0
47,59,2,1,1,1,1,1,0,0,0,1
47,11,2,1,0,1,0,0,0,0,1,0
47,107,2,1,1,1,1,1,0,0,0,1
47,171,2,1,1,1,1,1,0,0,0,1
47,299,2,1,1,1,1,1,0,0,0,1
47,55,2,1,1,1,0,1,0,1,0,0
47,7,2,1,0,1,0,0,0,0,1,0
47,103,2,1,1,1,0,1,0,1,0,0
47,167,2,1,1,1,0,1,0,1,0,0
47,295,2,1,0,1,0,0,0,0,1,0
47,31,2,1,1,1,0,1,0,1,0,0
47,127,2,1,1,1,1,1,0,0,0,1
47,191,2,1,1,1,1,1,0,0,0,1
47,319,2,1,1,1,1,1,0,0,0,1
47,79,2,1,0,1,0,0,0,0,1,0
47,143,2,1,1,1,0,1,0,1,0,0
47,271,2,1,1,1,0,1,0,1,0,0
47,239,2,1,1,1,1,1,0,0,0,1
47,367,2,1,1,1,1,1,0,0,0,1
47,431,2,1,1,1,1,1,0,0,0,1
48,48,0,1,1,0,0,0,0,0,0,1
48,49,1,1,1,0,0,0,0,0,0,1
48,50,1,1,1,0,0,0,0,0,0,1
48,52,1,1,1,0,0,0,0,0,0,1
48,56,1,1,1,0,0,0,0,0,0,1
48,32,1,1,0,0,0,0,0,0,1,0
48,16,1,1,1,0,0,0,0,0,0,1
48,112,1,1,1,0,0,0,0,0,0,1
48,176,1,1,1,0,0,0,0,0,0,1
48,304,1,1,1,0,0,0,0,0,0,1
48,51,2,1,1,0,0,0,0,0,0,1
48,53,2,1,1,0,0,0,0,0,0,1
48,57,2,1,1,0,0,0,0,0,0,1
48,33,2,1,0,0,0,0,0,0,1,0
48,17,2,1,1,0,0,0,0,0,0,1
48,113,2,1,1,0,0,0,0,0,0,1
48,177,2,1,1,0,0,0,0,0,0,1
48,305,2,1,1,0,0,0,0,0,0,1
48,54,2,1,1,0,0,0,0,0,0,1
48,58,2,1,1,0,0,0,0,0,0,1
48,34,2,1,0,0,0,0,0,0,1,0
48,18,2,1,1,0,0,0,0,0,0,1
48,114,2,1,1,0,0,0,0,0,0,1
48,178,2,1,1,0,0,0,0,0,0,1
48,306,2,1,1,0,0,0,0,0,0,1
48,60,2,1,1,0,0,0,0,0,0,1
48,36,2,1,0,0,0,0,0,0,1,0
48,20,2,1,1,0,0,0,0,0,0,1
48,116,2,1,1,0,0,0,0,0,0,1
48,180,2,1,1,0,0,0,0,0,0,1
48,308,2,1,1,0,0,0,0,0,0,1
48,40,2,1,1,0,0,0,0,0,0,0
48,24,2,1,1,0,0,0,0,0,0,1
48,120,2,1,1,0,0,0,0,0,0,1
48,184,2,1,1,0,0,0,0,0,0,1
48,312,2,1,1,0,0,0,0,0,0,1
48,0,2,1,0,0,0,0,0,0,1,0
48,96,2,1,0,0,0,0,0,0,1,0
48,160,2,1,0,0,0,0,0,0,1,0
48,288,2,1,0,0,0,0,0,0,1,0
48,80,2,1,1,0,0,0,0,0,0,1
48,144,2,1,1,0,0,0,0,0,0,1
48,272,2,1,1,0,0,0,0,0,0,1
48,240,2,1,1,0,0,0,0,0,0,1
48,368,2,1,1,0,0,0,0,0,0,1
48,432,2,1,1,0,0,0,0,0,0,1
49,49,0,1,1,1,1,1,0,0,0,1
49,48,1,1,1,1,0,1,0,1,0,1
49,51,1,1,1,1,1,1,0,0,0,1
49,53,1,1,1,1,1,1,0,0,0,1
49,57,1,1,1,1,1,1,0,0,0,1
49,33,1,1,0,1,1,1,0,0,1,0
49,17,1,1,1,1,0,1,0,1,0,1
49,113,1,1,1,1,1,1,0,0,0,1
49,177,1,1,1,1,1,1,0,0,0,1
49,305,1,1,1,1,1,1,0,0,0,1
49,50,2,1,1,1,0,1,0,1,0,1
49,52,2,1,1,1,0,1,0,1,0,1
49,56,2,1,1,1,0,1,0,1,0,1
49,32,2,1,0,1,0,0,0,0,1,0
49,16,2,1,1,1,0,1,0,1,0,1
49,112,2,1,1,1,0,1,0,1,0,1
49,176,2,1,1,1,0,1,0,1,0,1
49,304,2,1,1,1,0,1,0,1,0,1
49,55,2,1,1,1,1,1,0,0,0,1
49,59,2,1,1,1,1,1,0,0,0,1
49,35,2,1,0,1,1,1,0,0,1,0
49,19,2,1,1,1,0,1,0,1,0,1
49,115,2,1,1,1,1,1,0,0,0,1
49,179,2,1,1,1,1,1,0,0,0,1
49,307,2,1,1,1,1,1,0,0,0,1
49,61,2,1,1,1,1,1,0,0,0,1
49,37,2,1,0,1,1,1,0,0,1,0
49,21,2,1,1,1,0,1,0,1,0,1
49,117,2,1,1,1,1,1,0,0,0,1
49,181,2,1,1,1,1,1,0,0,0,1
49,309,2,1,1,1,1,1,0,0,0,1
49,41,2,1,1,1,1,1,0,0,0,0
49,25,2,1,1,1,0,1,0,1,0,1
49,121,2,1,1,1,1,1,0,0,0,1
49,185,2,1,1,1,1,1,0,0,0,1
49,313,2,1,1,1,1,1,0,0,0,1
49,1,2,1,0,1,0,0,0,0,1,0
49,97,2,1,1,1,1,1,0,0,0,0
49,161,2,1,1,1,1,1,0,0,0,0
49,289,2,1,0,1,1,1,0,0,1,0
49,81,2,1,1,1,0,1,0,1,0,1
49,145,2,1,1,1,0,1,0,1,0,1
49,273,2,1,1,1,0,1,0,1,0,1
49,241,2,1,1,1,1,1,0,0,0,1
49,369,2,1,1,1,1,1,0,0,0,1
49,433,2,1,1,1,1,1,0,0,0,1
50,50,0,1,1,0,0,0,0,0,0,1
50,51,1,1,1,0,0,0,0,0,0,1
50,48,1,1,1,0,0,0,0,0,0,1
50,54,1,1,1,0,0,0,0,0,0,1
50,58,1,1,1,0,0,0,0,0,0,1
50,34,1,1,0,0,0,0,0,0,1,0
50,18,1,1,1,0,0,0,0,0,0,1
50,114,1,1,1,0,0,0,0,0,0,1
50,178,1,1,1,0,0,0,0,0,0,1
50,306,1,1,1,0,0,0,0,0,0,1
50,49,2,1,1,0,0,0,0,0,0,1
50,55,2,1,1,0,0,0,0,0,0,1
50,59,2,1,1,0,0,0,0,0,0,1
50,35,2,1,0,0,0,0,0,0,1,0
50,19,2,1,1,0,0,0,0,0,0,1
50,115,2,1,1,0,0,0,0,0,0,1
50,179,2,1,1,0,0,0,0,0,0,1
50,307,2,1,1,0,0,0,0,0,0,1
50,52,2,1,1,0,0,0,0,0,0,1
50,56,2,1,1,0,0,0,0,0,0,1
50,32,2,1,0,0,0,0,0,0,1,0
50,16,2,1,1,0,0,0,0,0,0,1
50,112,2,1,1,0,0,0,0,0,0,1
50,176,2,1,1,0,0,0,0,0,0,1
50,304,2,1,1,0,0,0,0,0,0,1
50,62,2,1,1,0,0,0,0,0,0,1
50,38,2,1,0,0,0,0,0,0,1,0
50,22,2,1,1,0,0,0,0,0,0,1
50,118,2,1,1,0,0,0,0,0,0,1
50,182,2,1,1,0,0,0,0,0,0,1
50,310,2,1,1,0,0,0,0,0,0,1
50,42,2,1,1,0,0,0,0,0,0,0
50,26,2,1,1,0,0,0,0,0,0,1
50,122,2,1,1,0,0,0,0,0,0,1
50,186,2,1,1,0,0,0,0,0,0,1
50,314,2,1,1,0,0,0,0,0,0,1
50,2,2,1,0,0,0,0,0,0,1,0
50,98,2,1,1,0,0,0,0,0,0,0
50,162,2,1,1,0,0,0,0,0,0,0
50,290,2,1,0,0,0,0,0,0,1,0
50,82,2,1,1,0,0,0,0,0,0,1
50,146,2,1,1,0,0,0,0,0,0,1
50,274,2,1,1,0,0,0,0,0,0,1
50,242,2,1,1,0,0,0,0,0,0,1
50,370,2,1,1,0,0,0,0,0,0,1
50,434,2,1,1,0,0,0,0,0,0,1
51,51,0,1,1,0,0,0,0,0,0,1
51,50,1,1,1,0,0,0,0,0,0,1
51,49,1,1,1,0,0,0,0,0,0,1
51,55,1,1,1,0,0,0,0,0,0,1
51,59,1,1,1,0,0,0,0,0,0,1
51,35,1,1,0,0,0,0,0,0,1,0
51,19,1,1,1,0,0,0,0,0,0,1
51,115,1,1,1,0,0,0,0,0,0,1
51,179,1,1,1,0,0,0,0,0,0,1
51,307,1,1,1,0,0,0,0,0,0,1
51,48,2,1,1,0,0,0,0,0,0,1
51,54,2,1,1,0,0,0,0,0,0,1
51,58,2,1,1,0,0,0,0,0,0,1
51,34,2,1,0,0,0,0,0,0,1,0
51,18,2,1,1,0,0,0,0,0,0,1
51,114,2,1,1,0,0,0,0,0,0,1
51,178,2,1,1,0,0,0,0,0,0,1
51,306,2,1,1,0,0,0,0,0,0,1
51,53,2,1,1,0,0,0,0,0,0,1
51,57,2,1,1,0,0,0,0,0,0,1
51,33,2,1,0,0,0,0,0,0,1,0
51,17,2,1,1,0,0,0,0,0,0,1
51,113,2,1,1,0,0,0,0,0,0,1
51,177,2,1,1,0,0,0,0,0,0,1
51,305,2,1,1,0,0,0,0,0,0,1
51,63,2,1,1,0,0,0,0,0,0,1
51,39,2,1,0,0,0,0,0,0,1,0
51,23,2,1,1,0,0,0,0,0,0,1
51,119,2,1,1,0,0,0,0,0,0,1
51,183,2,1,1,0,0,0,0,0,0,1
51,311,2,1,1,0,0,0,0,0,0,1
51,43,2,1,1,0,0,0,0,0,0,0
51,27,2,1,1,0,0,0,0,0,0,1
51,123,2,1,1,0,0,0,0,0,0,1
51,187,2,1,1,0,0,0,0,0,0,1
51,315,2,1,1,0,0,0,0,0,0,1
51,3,2,1,0,0,0,0,0,0,1,0
51,99,2,1,1,0,0,0,0,0,0,0
51,163,2,1,1,0,0,0,0,0,0,0
51,291,2,1,0,0,0,0,0,0,1,0
51,83,2,1,1,0,0,0,0,0,0,1
51,147,2,1,1,0,0,0,0,0,0,1
51,275,2,1,1,0,0,0,0,0,0,1
51,243,2,1,1,0,0,0,0,0,0,1
51,371,2,1,1,0,0,0,0,0,0,1
51,435,2,1,1,0,0,0,0,0,0,1
52,52,0,1,1,0,0,0,0,0,0,1
52,53,1,1,1,0,0,0,0,0,0,1
52,54,1,1,1,0,0,0,0,0,0,1
52,48,1,1,1,0,0,0,0,0,0,1
52,60,1,1,1,0,0,0,0,0,0,1
52,36,1,1,0,0,0,0,0,0,1,0
52,20,1,1,1,0,0,0,0,0,0,1
52,116,1,1,1,0,0,0,0,0,0,1
52,180,1,1,1,0,0,0,0,0,0,1
52,308,1,1,1,0,0,0,0,0,0,1
52,55,2,1,1,0,0,0,0,0,0,1
52,49,2,1,1,0,0,0,0,0,0,1
52,61,2,1,1,0,0,0,0,0,0,1
52,37,2,1,0,0,0,0,0,0,1,0
52,21,2,1,1,0,0,0,0,0,0,1
52,117,2,1,1,0,0,0,0,0,0,1
52,181,2,1,1,0,0,0,0,0,0,1
52,309,2,1,1,0,0,0,0,0,0,1
52,50,2,1,1,0,0,0,0,0,0,1
52,62,2,1,1,0,0,0,0,0,0,1
52,38,2,1,0,0,0,0,0,0,1,0
52,22,2,1,1,0,0,0,0,0,0,1
52,118,2,1,1,0,0,0,0,0,0,1
52,182,2,1,1,0,0,0,0,0,0,1
52,310,2,1,1,0,0,0,0,0,0,1
52,56,2,1,1,0,0,0,0,0,0,1
52,32,2,1,0,0,0,0,0,0,1,0
52,16,2,1,1,0,0,0,0,0,0,1
52,112,2,1,1,0,0,0,0,0,0,1
52,176,2,1,1,0,0,0,0,0,0,1
52,304,2,1,1,0,0,0,0,0,0,1
52,44,2,1,1,0,0,0,0,0,0,0
52,28,2,1,1,0,0,0,0,0,0,1
52,124,2,1,1,0,0,0,0,0,0,1
52,188,2,1,1,0,0,0,0,0,0,1
52,316,2,1,1,0,0,0,0,0,0,1
52,4,2,1,0,0,0,0,0,0,1,0
52,100,2,1,0,0,0,0,0,0,1,0
52,164,2,1,0,0,0,0,0,0,1,0
52,292,2,1,0,0,0,0,0,0,1,0
52,84,2,1,1,0,0,0,0,0,0,1
52,148,2,1,1,0,0,0,0,0,0,1
52,276,2,1,1,0,0,0,0,0,0,1
52,244,2,1,1,0,0,0,0,0,0,1
52,372,2,1,1,0,0,0,0,0,0,1
52,436,2,1,1,0,0,0,0,0,0,1
53,53,0,1,1,1,1,1,0,0,0,1
53,52,1,1,1,1,0,1,0,1,0,1
53,55,1,1,1,1,1,1,0,0,0,1
53,49,1,1,1,1,0,1,0,1,0,1
53,61,1,1,1,1,1,1,0,0,0,1
53,37,1,1,0,1,1,1,0,0,1,0
53,21,1,1,1,1,1,1,0,0,0,1
53,117,1,1,1,1,1,1,0,0,0,1
53,181,1,1,1,1,1,1,0,0,0,1
53,309,1,1,1,1,1,1,0,0,0,1
53,54,2,1,1,1,0,1,0,1,0,1
53,48,2,1,1,1,0,1,0,1,0,1
53,60,2,1,1,1,0,1,0,1,0,1
53,36,2,1,0,1,0,0,0,0,1,0
53,20,2,1,1,1,0,1,0,1,0,1
53,116,2,1,1,1,0,1,0,1,0,1
53,180,2,1,1,1,0,1,0,1,0,1
53,308,2,1,1,1,0,1,0,1,0,1
53,51,2,1,1,1,0,1,0,1,0,1
53,63,2,1,1,1,1,1,0,0,0,1
53,39,2,1,0,1,1,1,0,0,1,0
53,23,2,1,1,1,1,1,0,0,0,1
53,119,2,1,1,1,1,1,0,0,0,1
53,183,2,1,1,1,1,1,0,0,0,1
53,311,2,1,1,1,1,1,0,0,0,1
53,57,2,1,1,1,0,1,0,1,0,1
53,33,2,1,0,1,0,1,0,1,1,0
53,17,2,1,1,1,0,1,0,1,0,1
53,113,2,1,1,1,0,1,0,1,0,1
53,177,2,1,1,1,0,1,0,1,0,1
53,305,2,1,1,1,0,1,0,1,0,1
53,45,2,1,1,1,1,1,0,0,0,0
53,29,2,1,1,1,1,1,0,0,0,1
53,125,2,1,1,1,1,1,0,0,0,1
53,189,2,1,1,1,1,1,0,0,0,1
53,317,2,1,1,1,1,1,0,0,0,1
53,5,2,1,0,1,1,1,0,0,1,0
53,101,2,1,1,1,1,1,0,0,0,0
53,165,2,1,1,1,1,1,0,0,0,0
53,293,2,1,0,1,1,1,0,0,1,0
53,85,2,1,1,1,1,1,0,0,0,1
53,149,2,1,1,1,1,1,0,0,0,1
53,277,2,1,1,1,1,1,0,0,0,1
53,245,2,1,1,1,1,1,0,0,0,1
53,373,2,1,1,1,1,1,0,0,0,1
53,437,2,1,1,1,1,1,0,0,0,1
54,54,0,1,1,0,0,0,0,0,0,1
54,55,1,1,1,0,0,0,0,0,0,1
54,52,1,1,1,0,0,0,0,0,0,1
54,50,1,1,1,0,0,0,0,0,0,1
54,62,1,1,1,0,0,0,0,0,0,1
54,38,1,1,0,0,0,0,0,0,1,0
54,22,1,1,1,0,0,0,0,0,0,1
54,118,1,1,1,0,0,0,0,0,0,1
54,182,1,1,1,0,0,0,0,0,0,1
54,310,1,1,1,0,0,0,0,0,0,1
54,53,2,1,1,0,0,0,0,0,0,1
54,51,2,1,1,0,0,0,0,0,0,1
54,63,2,1,1,0,0,0,0,0,0,1
54,39,2,1,0,0,0,0,0,0,1,0
54,23,2,1,1,0,0,0,0,0,0,1
54,119,2,1,1,0,0,0,0,0,0,1
54,183,2,1,1,0,0,0,0,0,0,1
54,311,2,1,1,0,0,0,0,0,0,1
54,48,2,1,1,0,0,0,0,0,0,1
54,60,2,1,1,0,0,0,0,0,0,1
54,36,2,1,0,0,0,0,0,0,1,0
54,20,2,1,1,0,0,0,0,0,0,1
54,116,2,1,1,0,0,0,0,0,0,1
54,180,2,1,1,0,0,0,0,0,0,1
54,308,2,1,1,0,0,0,0,0,0,1
54,58,2,1,1,0,0,0,0,0,0,1
54,34,2,1,0,0,0,0,0,0,1,0
54,18,2,1,1,0,0,0,0,0,0,1
54,114,2,1,1,0,0,0,0,0,0,1
54,178,2,1,1,0,0,0,0,0,0,1
54,306,2,1,1,0,0,0,0,0,0,1
54,46,2,1,1,0,0,0,0,0,0,0
54,30,2,1,1,0,0,0,0,0,0,1
54,126,2,1,1,0,0,0,0,0,0,1
54,190,2,1,1,0,0,0,0,0,0,1
54,318,2,1,1,0,0,0,0,0,0,1
54,6,2,1,0,0,0,0,0,0,1,0
54,102,2,1,1,0,0,0,0,0,0,0
54,166,2,1,1,0,0,0,0,0,0,0
54,294,2,1,0,0,0,0,0,0,1,0
54,86,2,1,1,0,0,0,0,0,0,1
54,150,2,1,1,0,0,0,0,0,0,1
54,278,2,1,1,0,0,0,0,0,0,1
54,246,2,1,1,0,0,0,0,0,0,1
54,374,2,1,1,0,0,0,0,0,0,1
54,438,2,1,1,0,0,0,0,0,0,1
55,55,0,1,1,0,0,0,0,0,0,1
55,54,1,1,1,0,0,0,0,0,0,1
55,53,1,1,1,0,0,0,0,0,0,1
55,51,1,1,1,0,0,0,0,0,0,1
55,63,1,1,1,0,0,0,0,0,0,1
55,39,1,1,0,0,0,0,0,0,1,0
55,23,1,1,1,0,0,0,0,0,0,1
55,119,1,1,1,0,0,0,0,0,0,1
55,183,1,1,1,0,0,0,0,0,0,1
55,311,1,1,1,0,0,0,0,0,0,1
55,52,2,1,1,0,0,0,0,0,0,1
55,50,2,1,1,0,0,0,0,0,0,1
55,62,2,1,1,0,0,0,0,0,0,1
55,38,2,1,0,0,0,0,0,0,1,0
55,22,2,1,1,0,0,0,0,0,0,1
55,118,2,1,1,0,0,0,0,0,0,1
55,182,2,1,1,0,0,0,0,0,0,1
55,310,2,1,1,0,0,0,0,0,0,1
55,49,2,1,1,0,0,0,0,0,0,1
55,61,2,1,1,0,0,0,0,0,0,1
55,37,2,1,0,0,0,0,0,0,1,0
55,21,2,1,1,0,0,0,0,0,0,1
55,117,2,1,1,0,0,0,0,0,0,1
55,181,2,1,1,0,0,0,0,0,0,1
55,309,2,1,1,0,0,0,0,0,0,1
55,59,2,1,1,0,0,0,0,0,0,1
55,35,2,1,0,0,0,0,0,0,1,0
55,19,2,1,1,0,0,0,0,0,0,1
55,115,2,1,1,0,0,0,0,0,0,1
55,179,2,1,1,0,0,0,0,0,0,1
55,307,2,1,1,0,0,0,0,0,0,1
55,47,2,1,1,0,0,0,0,0,0,0
55,31,2,1,1,0,0,0,0,0,0,1
55,127,2,1,1,0,0,0,0,0,0,1
55,191,2,1,1,0,0,0,0,0,0,1
55,319,2,1,1,0,0,0,0,0,0,1
55,7,2,1,0,0,0,0,0,0,1,0
55,103,2,1,1,0,0,0,0,0,0,0
55,167,2,1,1,0,0,0,0,0,0,0
55,295,2,1,0,0,0,0,0,0,1,0
55,87,2,1,1,0,0,0,0,0,0,1
55,151,2,1,1,0,0,0,0,0,0,1
55,279,2,1,1,0,0,0,0,0,0,1
55,247,2,1,1,0,0,0,0,0,0,1
55,375,2,1,1,0,0,0,0,0,0,1
55,439,2,1,1,0,0,0,0,0,0,1
56,56,0,1,1,0,0,0,0,0,0,1
56,57,1,1,1,0,0,0,0,0,0,1
56,58,1,1,1,0,0,0,0,0,0,1
56,60,1,1,1,0,0,0,0,0,0,1
56,48,1,1,1,0,0,0,0,0,0,1
56,40,1,1,1,0,0,0,0,0,0,0
56,24,1,1,1,0,0,0,0,0,0,1
56,120,1,1,1,0,0,0,0,0,0,1
56,184,1,1,1,0,0,0,0,0,0,1
56,312,1,1,1,0,0,0,0,0,0,1
56,59,2,1,1,0,0,0,0,0,0,1
56,61,2,1,1,0,0,0,0,0,0,1
56,49,2,1,1,0,0,0,0,0,0,1
56,41,2,1,1,0,0,0,0,0,0,0
56,25,2,1,1,0,0,0,0,0,0,1
56,121,2,1,1,0,0,0,0,0,0,1
56,185,2,1,1,0,0,0,0,0,0,1
56,313,2,1,1,0,0,0,0,0,0,1
56,62,2,1,1,0,0,0,0,0,0,1
56,50,2,1,1,0,0,0,0,0,0,1
56,42,2,1,1,0,0,0,0,0,0,0
56,26,2,1,1,0,0,0,0,0,0,1
56,122,2,1,1,0,0,0,0,0,0,1
56,186,2,1,1,0,0,0,0,0,0,1
56,314,2,1,1,0,0,0,0,0,0,1
56,52,2,1,1,0,0,0,0,0,0,1
56,44,2,1,1,0,0,0,0,0,0,0
56,28,2,1,1,0,0,0,0,0,0,1
56,124,2,1,1,0,0,0,0,0,0,1
56,188,2,1,1,0,0,0,0,0,0,1
56,316,2,1,1,0,0,0,0,0,0,1
56,32,2,1,0,0,0,0,0,0,1,0
56,16,2,1,1,0,0,0,0,0,0,1
56,112,2,1,1,0,0,0,0,0,0,1
56,176,2,1,1,0,0,0,0,0,0,1
56,304,2,1,1,0,0,0,0,0,0,1
56,8,2,1,0,0,0,0,0,0,1,0
56,104,2,1,1,0,0,0,0,0,0,0
56,168,2,1,1,0,0,0,0,0,0,0
56,296,2,1,1,0,0,0,0,0,0,0
56,88,2,1,1,0,0,0,0,0,0,1
56,152,2,1,1,0,0,0,0,0,0,1
56,280,2,1,1,0,0,0,0,0,0,1
56,248,2,1,1,0,0,0,0,0,0,1
56,376,2,1,1,0,0,0,0,0,0,1
56,440,2,1,1,0,0,0,0,0,0,1
57,57,0,1,1,1,1,1,0,0,0,1
57,56,1,1,1,1,0,1,0,1,0,1
57,59,1,1,1,1,1,1,0,0,0,1
57,61,1,1,1,1,1,1,0,0,0,1
57,49,1,1,1,1,1,1,0,0,0,1
57,41,1,1,1,1,1,1,0,0,0,0
57,25,1,1,1,1,0,1,0,1,0,1
57,121,1,1,1,1,1,1,0,0,0,1
57,185,1,1,1,1,1,1,0,0,0,1
57,313,1,1,1,1,1,1,0,0,0,1
57,58,2,1,1,1,0,1,0,1,0,1
57,60,2,1,1,1,0,1,0,1,0,1
57,48,2,1,1,1,0,1,0,1,0,1
57,40,2,1,1,1,0,1,0,1,0,0
57,24,2,1,1,1,0,1,0,1,0,1
57,120,2,1,1,1,0,1,0,1,0,1
57,184,2,1,1,1,0,1,0,1,0,1
57,312,2,1,1,1,0,1,0,1,0,1
57,63,2,1,1,1,1,1,0,0,0,1
57,51,2,1,1,1,1,1,0,0,0,1
57,43,2,1,1,1,1,1,0,0,0,0
57,27,2,1,1,1,0,1,0,1,0,1
57,123,2,1,1,1,1,1,0,0,0,1
57,187,2,1,1,1,1,1,0,0,0,1
57,315,2,1,1,1,1,1,0,0,0,1
57,53,2,1,1,1,1,1,0,0,0,1
57,45,2,1,1,1,1,1,0,0,0,0
57,29,2,1,1,1,0,1,0,1,0,1
57,125,2,1,1,1,1,1,0,0,0,1
57,189,2,1,1,1,1,1,0,0,0,1
57,317,2,1,1,1,1,1,0,0,0,1
57,33,2,1,0,1,1,1,0,0,1,0
57,17,2,1,1,1,0,1,0,1,0,1
57,113,2,1,1,1,1,1,0,0,0,1
57,177,2,1,1,1,1,1,0,0,0,1
57,305,2,1,1,1,1,1,0,0,0,1
57,9,2,1,0,1,0,0,0,0,1,0
57,105,2,1,1,1,1,1,0,0,0,0
57,169,2,1,1,1,1,1,0,0,0,0
57,297,2,1,1,1,1,1,0,0,0,0
57,89,2,1,1,1,0,1,0,1,0,1
57,153,2,1,1,1,0,1,0,1,0,1
57,281,2,1,1,1,0,1,0,1,0,1
57,249,2,1,1,1,1,1,0,0,0,1
57,377,2,1,1,1,1,1,0,0,0,1
57,441,2,1,1,1,1,1,0,0,0,1
58,58,0,1,1,0,0,0,0,0,0,1
58,59,1,1,1,0,0,0,0,0,0,1
58,56,1,1,1,0,0,0,0,0,0,1
58,62,1,1,1,0,0,0,0,0,0,1
58,50,1,1,1,0,0,0,0,0,0,1
58,42,1,1,1,0,0,0,0,0,0,0
58,26,1,1,1,0,0,0,0,0,0,1
58,122,1,1,1,0,0,0,0,0,0,1
58,186,1,1,1,0,0,0,0,0,0,1
58,314,1,1,1,0,0,0,0,0,0,1
58,57,2,1,1,0,0,0,0,0,0,1
58,63,2,1,1,0,0,0,0,0,0,1
58,51,2,1,1,0,0,0,0,0,0,1
58,43,2,1,1,0,0,0,0,0,0,0
58,27,2,1,1,0,0,0,0,0,0,1
58,123,2,1,1,0,0,0,0,0,0,1
58,187,2,1,1,0,0,0,0,0,0,1
58,315,2,1,1,0,0,0,0,0,0,1
58,60,2,1,1,0,0,0,0,0,0,1
58,48,2,1,1,0,0,0,0,0,0,1
58,40,2,1,1,0,0,0,0,0,0,0
58,24,2,1,1,0,0,0,0,0,0,1
58,120,2,1,1,0,0,0,0,0,0,1
58,184,2,1,1,0,0,0,0,0,0,1
58,312,2,1,1,0,0,0,0,0,0,1
58,54,2,1,1,0,0,0,0,0,0,1
58,46,2,1,1,0,0,0,0,0,0,0
58,30,2,1,1,0,0,0,0,0,0,1
58,126,2,1,1,0,0,0,0,0,0,1
58,190,2,1,1,0,0,0,0,0,0,1
58,318,2,1,1,0,0,0,0,0,0,1
58,34,2,1,0,0,0,0,0,0,1,0
58,18,2,1,1,0,0,0,0,0,0,1
58,114,2,1,1,0,0,0,0,0,0,1
58,178,2,1,1,0,0,0,0,0,0,1
58,306,2,1,1,0,0,0,0,0,0,1
58,10,2,1,0,0,0,0,0,0,1,0
58,106,2,1,1,0,0,0,0,0,0,0
58,170,2,1,1,0,0,0,0,0,0,0
58,298,2,1,1,0,0,0,0,0,0,0
58,90,2,1,1,0,0,0,0,0,0,1
58,154,2,1,1,0,0,0,0,0,0,1
58,282,2,1,1,0,0,0,0,0,0,1
58,250,2,1,1,0,0,0,0,0,0,1
58,378,2,1,1,0,0,0,0,0,0,1
58,442,2,1,1,0,0,0,0,0,0,1
59,59,0,1,1,0,0,0,0,0,0,1
59,58,1,1,1,0,0,0,0,0,0,1
59,57,1,1,1,0,0,0,0,0,0,1
59,63,1,1,1,0,0,0,0,0,0,1
59,51,1,1,1,0,0,0,0,0,0,1
59,43,1,1,1,0,0,0,0,0,0,0
59,27,1,1,1,0,0,0,0,0,0,1
59,123,1,1,1,0,0,0,0,0,0,1
59,187,1,1,1,0,0,0,0,0,0,1
59,315,1,1,1,0,0,0,0,0,0,1
59,56,2,1,1,0,0,0,0,0,0,1
59,62,2,1,1,0,0,0,0,0,0,1
59,50,2,1,1,0,0,0,0,0,0,1
59,42,2,1,1,0,0,0,0,0,0,0
59,26,2,1,1,0,0,0,0,0,0,1
59,122,2,1,1,0,0,0,0,0,0,1
59,186,2,1,1,0,0,0,0,0,0,1
59,314,2,1,1,0,0,0,0,0,0,1
59,61,2,1,1,0,0,0,0,0,0,1
59,49,2,1,1,0,0,0,0,0,0,1
59,41,2,1,1,0,0,0,0,0,0,0
59,25,2,1,1,0,0,0,0,0,0,1
59,121,2,1,1,0,0,0,0,0,0,1
59,185,2,1,1,0,0,0,0,0,0,1
59,313,2,1,1,0,0,0,0,0,0,1
59,55,2,1,1,0,0,0,0,0,0,1
59,47,2,1,1,0,0,0,0,0,0,0
59,31,2,1,1,0,0,0,0,0,0,1
59,127,2,1,1,0,0,0,0,0,0,1
59,191,2,1,1,0,0,0,0,0,0,1
59,319,2,1,1,0,0,0,0,0,0,1
59,35,2,1,0,0,0,0,0,0,1,0
59,19,2,1,1,0,0,0,0,0,0,1
59,115,2,1,1,0,0,0,0,0,0,1
59,179,2,1,1,0,0,0,0,0,0,1
59,307,2,1,1,0,0,0,0,0,0,1
59,11,2,1,0,0,0,0,0,0,1,0
59,107,2,1,1,0,0,0,0,0,0,0
59,171,2,1,1,0,0,0,0,0,0,0
59,299,2,1,1,0,0,0,0,0,0,0
59,91,2,1,1,0,0,0,0,0,0,1
59,155,2,1,1,0,0,0,0,0,0,1
59,283,2,1,1,0,0,0,0,0,0,1
59,251,2,1,1,0,0,0,0,0,0,1
59,379,2,1,1,0,0,0,0,0,0,1
59,443,2,1,1,0,0,0,0,0,0,1
60,60,0,1,1,1,1,1,0,0,0,1
60,61,1,1,1,1,1,1,0,0,0,1
60,62,1,1,1,1,1,1,0,0,0,1
60,56,1,1,1,1,0,1,0,1,0,1
60,52,1,1,1,1,0,1,0,1,0,1
60,44,1,1,1,1,1,1,0,0,0,0
60,28,1,1,1,1,1,1,0,0,0,1
60,124,1,1,1,1,1,1,0,0,0,1
60,188,1,1,1,1,1,1,0,0,0,1
60,316,1,1,1,1,1,1,0,0,0,1
60,63,2,1,1,1,1,1,0,0,0,1
60,57,2,1,1,1,0,1,0,1,0,1
60,53,2,1,1,1,0,1,0,1,0,1
60,45,2,1,1,1,1,1,0,0,0,0
60,29,2,1,1,1,1,1,0,0,0,1
60,125,2,1,1,1,1,1,0,0,0,1
60,189,2,1,1,1,1,1,0,0,0,1
60,317,2,1,1,1,1,1,0,0,0,1
60,58,2,1,1,1,0,1,0,1,0,1
60,54,2,1,1,1,0,1,0,1,0,1
60,46,2,1,1,1,1,1,0,0,0,0
60,30,2,1,1,1,1,1,0,0,0,1
60,126,2,1,1,1,1,1,0,0,0,1
60,190,2,1,1,1,1,1,0,0,0,1
60,318,2,1,1,1,1,1,0,0,0,1
60,48,2,1,1,1,0,1,0,1,0,1
60,40,2,1,1,1,0,1,0,1,0,0
60,24,2,1,1,1,0,1,0,1,0,1
60,120,2,1,1,1,0,1,0,1,0,1
60,184,2,1,1,1,0,1,0,1,0,1
60,312,2,1,1,1,0,1,0,1,0,1
60,36,2,1,0,1,0,0,0,0,1,0
60,20,2,1,1,1,0,1,0,1,0,1
60,116,2,1,1,1,0,1,0,1,0,1
60,180,2,1,1,1,0,1,0,1,0,1
60,308,2,1,1,1,0,1,0,1,0,1
60,12,2,1,0,1,1,1,0,0,1,0
60,108,2,1,1,1,1,1,0,0,0,0
60,172,2,1,1,1,1,1,0,0,0,0
60,300,2,1,1,1,1,1,0,0,0,0
60,92,2,1,1,1,1,1,0,0,0,1
60,156,2,1,1,1,1,1,0,0,0,1
60,284,2,1,1,1,1,1,0,0,0,1
60,252,2,1,1,1,1,1,0,0,0,1
60,380,2,1,1,1,1,1,0,0,0,1
60,444,2,1,1,1,1,1,0,0,0,1
61,61,0,1,1,1,1,1,0,0,0,1
61,60,1,1,1,1,0,1,0,1,0,1
61,63,1,1,1,1,1,1,0,0,0,1
61,57,1,1,1,1,0,1,0,1,0,1
61,53,1,1,1,1,1,1,0,0,0,1
61,45,1,1,1,1,1,1,0,0,0,0
61,29,1,1,1,1,1,1,0,0,0,1
61,125,1,1,1,1,1,1,0,0,0,1
61,189,1,1,1,1,1,1,0,0,0,1
61,317,1,1,1,1,1,1,0,0,0,1
61,62,2,1,1,1,0,1,0,1,0,1
61,56,2,1,1,1,0,1,0,1,0,1
61,52,2,1,1,1,0,1,0,1,0,1
61,44,2,1,1,1,0,1,0,1,0,0
61,28,2,1,1,1,0,1,0,1,0,1
61,124,2,1,1,1,0,1,0,1,0,1
61,188,2,1,1,1,0,1,0,1,0,1
61,316,2,1,1,1,0,1,0,1,0,1
61,59,2,1,1,1,0,1,0,1,0,1
61,55,2,1,1,1,1,1,0,0,0,1
61,47,2,1,1,1,1,1,0,0,0,0
61,31,2,1,1,1,1,1,0,0,0,1
61,127,2,1,1,1,1,1,0,0,0,1
61,191,2,1,1,1,1,1,0,0,0,1
61,319,2,1,1,1,1,1,0,0,0,1
61,49,2,1,1,1,0,1,0,1,0,1
61,41,2,1,1,1,0,1,0,1,0,0
61,25,2,1,1,1,0,1,0,1,0,1
61,121,2,1,1,1,0,1,0,1,0,1
61,185,2,1,1,1,0,1,0,1,0,1
61,313,2,1,1,1,0,1,0,1,0,1
61,37,2,1,0,1,1,1,0,0,1,0
61,21,2,1,1,1,1,1,0,0,0,1
61,117,2,1,1,1,1,1,0,0,0,1
61,181,2,1,1,1,1,1,0,0,0,1
61,309,2,1,1,1,1,1,0,0,0,1
61,13,2,1,0,1,1,1,0,0,1,0
61,109,2,1,1,1,1,1,0,0,0,0
61,173,2,1,1,1,1,1,0,0,0,0
61,301,2,1,1,1,1,1,0,0,0,0
61,93,2,1,1,1,1,1,0,0,0,1
61,157,2,1,1,1,1,1,0,0,0,1
61,285,2,1,1,1,1,1,0,0,0,1
61,253,2,1,1,1,1,1,0,0,0,1
61,381,2,1,1,1,1,1,0,0,0,1
61,445,2,1,1,1,1,1,0,0,0,1
62,62,0,1,1,0,0,0,0,0,0,1
62,63,1,1,1,0,0,0,0,0,0,1
62,60,1,1,1,0,0,0,0,0,0,1
62,58,1,1,1,0,0,0,0,0,0,1
62,54,1,1,1,0,0,0,0,0,0,1
62,46,1,1,1,0,0,0,0,0,0,0
62,30,1,1,1,0,0,0,0,0,0,1
62,126,1,1,1,0,0,0,0,0,0,1
62,190,1,1,1,0,0,0,0,0,0,1
62,318,1,1,1,0,0,0,0,0,0,1
62,61,2,1,1,0,0,0,0,0,0,1
62,59,2,1,1,0,0,0,0,0,0,1
62,55,2,1,1,0,0,0,0,0,0,1
62,47,2,1,1,0,0,0,0,0,0,0
62,31,2,1,1,0,0,0,0,0,0,1
62,127,2,1,1,0,0,0,0,0,0,1
62,191,2,1,1,0,0,0,0,0,0,1
62,319,2,1,1,0,0,0,0,0,0,1
62,56,2,1,1,0,0,0,0,0,0,1
62,52,2,1,1,0,0,0,0,0,0,1
62,44,2,1,1,0,0,0,0,0,0,0
62,28,2,1,1,0,0,0,0,0,0,1
62,124,2,1,1,0,0,0,0,0,0,1
62,188,2,1,1,0,0,0,0,0,0,1
62,316,2,1,1,0,0,0,0,0,0,1
62,50,2,1,1,0,0,0,0,0,0,1
62,42,2,1,1,0,0,0,0,0,0,0
62,26,2,1,1,0,0,0,0,0,0,1
62,122,2,1,1,0,0,0,0,0,0,1
62,186,2,1,1,0,0,0,0,0,0,1
62,314,2,1,1,0,0,0,0,0,0,1
62,38,2,1,0,0,0,0,0,0,1,0
62,22,2,1,1,0,0,0,0,0,0,1
62,118,2,1,1,0,0,0,0,0,0,1
62,182,2,1,1,0,0,0,0,0,0,1
62,310,2,1,1,0,0,0,0,0,0,1
62,14,2,1,0,0,0,0,0,0,1,0
62,110,2,1,1,0,0,0,0,0,0,0
62,174,2,1,1,0,0,0,0,0,0,0
62,302,2,1,1,0,0,0,0,0,0,0
62,94,2,1,1,0,0,0,0,0,0,1
62,158,2,1,1,0,0,0,0,0,0,1
62,286,2,1,1,0,0,0,0,0,0,1
62,254,2,1,1,0,0,0,0,0,0,1
62,382,2,1,1,0,0,0,0,0,0,1
62,446,2,1,1,0,0,0,0,0,0,1
63,63,0,1,1,0,0,0,0,0,0,1
63,62,1,1,1,0,0,0,0,0,0,1
63,61,1,1,1,0,0,0,0,0,0,1
63,59,1,1,1,0,0,0,0,0,0,1
63,55,1,1,1,0,0,0,0,0,0,1
63,47,1,1,1,0,0,0,0,0,0,0
63,31,1,1,1,0,0,0,0,0,0,1
63,127,1,1,1,0,0,0,0,0,0,1
63,191,1,1,1,0,0,0,0,0,0,1
63,319,1,1,1,0,0,0,0,0,0,1
63,60,2,1,1,0,0,0,0,0,0,1
63,58,2,1,1,0,0,0,0,0,0,1
63,54,2,1,1,0,0,0,0,0,0,1
63,46,2,1,1,0,0,0,0,0,0,0
63,30,2,1,1,0,0,0,0,0,0,1
63,126,2,1,1,0,0,0,0,0,0,1
63,190,2,1,1,0,0,0,0,0,0,1
63,318,2,1,1,0,0,0,0,0,0,1
63,57,2,1,1,0,0,0,0,0,0,1
63,53,2,1,1,0,0,0,0,0,0,1
63,45,2,1,1,0,0,0,0,0,0,0
63,29,2,1,1,0,0,0,0,0,0,1
63,125,2,1,1,0,0,0,0,0,0,1
63,189,2,1,1,0,0,0,0,0,0,1
63,317,2,1,1,0,0,0,0,0,0,1
63,51,2,1,1,0,0,0,0,0,0,1
63,43,2,1,1,0,0,0,0,0,0,0
63,27,2,1,1,0,0,0,0,0,0,1
63,123,2,1,1,0,0,0,0,0,0,1
63,187,2,1,1,0,0,0,0,0,0,1
63,315,2,1,1,0,0,0,0,0,0,1
63,39,2,1,0,0,0,0,0,0,1,0
63,23,2,1,1,0,0,0,0,0,0,1
63,119,2,1,1,0,0,0,0,0,0,1
63,183,2,1,1,0,0,0,0,0,0,1
63,311,2,1,1,0,0,0,0,0,0,1
63,15,2,1,0,0,0,0,0,0,1,0
63,111,2,1,1,0,0,0,0,0,0,0
63,175,2,1,1,0,0,0,0,0,0,0
63,303,2,1,1,0,0,0,0,0,0,0
63,95,2,1,1,0,0,0,0,0,0,1
63,159,2,1,1,0,0,0,0,0,0,1
63,287,2,1,1,0,0,0,0,0,0,1
63,255,2,1,1,0,0,0,0,0,0,1
63,383,2,1,1,0,0,0,0,0,0,1
63,447,2,1,1,0,0,0,0,0,0,1
